Country,Diphtheria tetanus toxoid and pertussis (DTP3) immunization coverage among 1-year-olds (%); 2014,Diphtheria tetanus toxoid and pertussis (DTP3) immunization coverage among 1-year-olds (%); 2013,Diphtheria tetanus toxoid and pertussis (DTP3) immunization coverage among 1-year-olds (%); 2012,Diphtheria tetanus toxoid and pertussis (DTP3) immunization coverage among 1-year-olds (%); 2011,Diphtheria tetanus toxoid and pertussis (DTP3) immunization coverage among 1-year-olds (%); 2010,Diphtheria tetanus toxoid and pertussis (DTP3) immunization coverage among 1-year-olds (%); 2009,Diphtheria tetanus toxoid and pertussis (DTP3) immunization coverage among 1-year-olds (%); 2008,Diphtheria tetanus toxoid and pertussis (DTP3) immunization coverage among 1-year-olds (%); 2007,Diphtheria tetanus toxoid and pertussis (DTP3) immunization coverage among 1-year-olds (%); 2006,Diphtheria tetanus toxoid and pertussis (DTP3) immunization coverage among 1-year-olds (%); 2005,Diphtheria tetanus toxoid and pertussis (DTP3) immunization coverage among 1-year-olds (%); 2004,Diphtheria tetanus toxoid and pertussis (DTP3) immunization coverage among 1-year-olds (%); 2003,Diphtheria tetanus toxoid and pertussis (DTP3) immunization coverage among 1-year-olds (%); 2002,Diphtheria tetanus toxoid and pertussis (DTP3) immunization coverage among 1-year-olds (%); 2001,Diphtheria tetanus toxoid and pertussis (DTP3) immunization coverage among 1-year-olds (%); 2000,Diphtheria tetanus toxoid and pertussis (DTP3) immunization coverage among 1-year-olds (%); 1999,Diphtheria tetanus toxoid and pertussis (DTP3) immunization coverage among 1-year-olds (%); 1998,Diphtheria tetanus toxoid and pertussis (DTP3) immunization coverage among 1-year-olds (%); 1997,Diphtheria tetanus toxoid and pertussis (DTP3) immunization coverage among 1-year-olds (%); 1996,Diphtheria tetanus toxoid and pertussis (DTP3) immunization coverage among 1-year-olds (%); 1995,Diphtheria tetanus toxoid and pertussis (DTP3) immunization coverage among 1-year-olds (%); 1994,Diphtheria tetanus toxoid and pertussis (DTP3) immunization coverage among 1-year-olds (%); 1993,Diphtheria tetanus toxoid and pertussis (DTP3) immunization coverage among 1-year-olds (%); 1992,Diphtheria tetanus toxoid and pertussis (DTP3) immunization coverage among 1-year-olds (%); 1991,Diphtheria tetanus toxoid and pertussis (DTP3) immunization coverage among 1-year-olds (%); 1990,Diphtheria tetanus toxoid and pertussis (DTP3) immunization coverage among 1-year-olds (%); 1989,Diphtheria tetanus toxoid and pertussis (DTP3) immunization coverage among 1-year-olds (%); 1988,Diphtheria tetanus toxoid and pertussis (DTP3) immunization coverage among 1-year-olds (%); 1987,Diphtheria tetanus toxoid and pertussis (DTP3) immunization coverage among 1-year-olds (%); 1986,Diphtheria tetanus toxoid and pertussis (DTP3) immunization coverage among 1-year-olds (%); 1985,Diphtheria tetanus toxoid and pertussis (DTP3) immunization coverage among 1-year-olds (%); 1984,Diphtheria tetanus toxoid and pertussis (DTP3) immunization coverage among 1-year-olds (%); 1983,Diphtheria tetanus toxoid and pertussis (DTP3) immunization coverage among 1-year-olds (%); 1982,Diphtheria tetanus toxoid and pertussis (DTP3) immunization coverage among 1-year-olds (%); 1981,Diphtheria tetanus toxoid and pertussis (DTP3) immunization coverage among 1-year-olds (%); 1980
Afghanistan,75,70,67,68,66.0,63.0,64.0,63.0,58.0,58.0,50.0,41.0,36.0,33.0,24.0,27.0,27.0,28.0,31.0,20.0,12.0,18.0,21.0,23.0,25.0,33.0,35.0,25.0,11.0,15.0,16.0,5.0,5.0,3.0,4.0
Albania,98,99,99,99,99.0,98.0,99.0,98.0,97.0,98.0,97.0,97.0,98.0,97.0,97.0,97.0,96.0,99.0,98.0,97.0,99.0,96.0,94.0,78.0,94.0,94.0,96.0,96.0,96.0,96.0,95.0,95.0,95.0,94.0,94.0
Algeria,95,95,95,95,95.0,95.0,93.0,95.0,95.0,88.0,86.0,87.0,86.0,89.0,86.0,83.0,85.0,89.0,88.0,88.0,87.0,88.0,88.0,89.0,89.0,87.0,85.0,79.0,73.0,69.0,,,,,
Andorra,97,96,99,99,99.0,99.0,99.0,96.0,93.0,98.0,99.0,99.0,97.0,96.0,98.0,90.0,89.0,90.0,,,,,,,,,,,,,,,,,
Angola,80,93,91,86,91.0,73.0,81.0,83.0,44.0,47.0,47.0,46.0,47.0,42.0,31.0,21.0,47.0,41.0,28.0,24.0,27.0,30.0,21.0,26.0,24.0,18.0,12.0,10.0,10.0,8.0,8.0,6.0,,,
Antigua and Barbuda,99,99,98,99,98.0,99.0,99.0,99.0,99.0,99.0,97.0,99.0,98.0,97.0,95.0,99.0,99.0,99.0,99.0,99.0,99.0,99.0,99.0,94.0,99.0,99.0,98.0,97.0,96.0,99.0,94.0,99.0,79.0,79.0,54.0
Argentina,94,94,91,92,94.0,94.0,94.0,91.0,91.0,98.0,93.0,96.0,93.0,83.0,83.0,86.0,84.0,88.0,83.0,85.0,82.0,81.0,81.0,80.0,87.0,80.0,80.0,75.0,67.0,66.0,62.0,61.0,58.0,49.0,44.0
Armenia,93,95,95,95,94.0,93.0,89.0,88.0,87.0,90.0,91.0,94.0,94.0,94.0,93.0,91.0,82.0,88.0,86.0,98.0,86.0,85.0,85.0,,,,,,,,,,,,
Australia,92,91,92,92,92.0,92.0,92.0,92.0,92.0,92.0,92.0,93.0,92.0,92.0,90.0,88.0,82.0,77.0,86.0,86.0,88.0,90.0,91.0,93.0,95.0,93.0,88.0,81.0,75.0,68.0,62.0,55.0,48.0,40.0,33.0
Austria,83,83,83,83,83.0,83.0,83.0,85.0,83.0,86.0,83.0,84.0,83.0,84.0,81.0,74.0,82.0,90.0,90.0,90.0,90.0,90.0,90.0,90.0,90.0,90.0,90.0,90.0,90.0,90.0,90.0,90.0,90.0,90.0,90.0
Azerbaijan,94,93,89,87,81.0,81.0,81.0,79.0,78.0,75.0,77.0,77.0,76.0,77.0,76.0,75.0,73.0,70.0,74.0,74.0,69.0,66.0,58.0,,,,,,,,,,,,
Bahamas,96,97,98,98,99.0,96.0,93.0,95.0,95.0,93.0,93.0,92.0,94.0,99.0,99.0,82.0,89.0,86.0,85.0,87.0,91.0,91.0,92.0,92.0,86.0,86.0,85.0,85.0,85.0,86.0,69.0,65.0,69.0,55.0,36.0
Bahrain,99,99,99,99,99.0,98.0,98.0,97.0,98.0,98.0,98.0,97.0,98.0,99.0,97.0,97.0,98.0,98.0,96.0,95.0,96.0,94.0,94.0,99.0,94.0,96.0,96.0,95.0,92.0,90.0,86.0,83.0,79.0,75.0,72.0
Bangladesh,95,95,95,95,94.0,97.0,96.0,94.0,94.0,93.0,99.0,87.0,83.0,85.0,82.0,80.0,77.0,78.0,77.0,69.0,84.0,74.0,66.0,74.0,69.0,49.0,16.0,9.0,4.0,2.0,1.0,1.0,1.0,1.0,
Barbados,94,91,87,91,86.0,93.0,85.0,93.0,84.0,92.0,93.0,89.0,87.0,84.0,93.0,87.0,93.0,96.0,85.0,93.0,90.0,86.0,90.0,82.0,91.0,78.0,76.0,79.0,79.0,83.0,83.0,69.0,62.0,58.0,60.0
Belarus,97,98,98,98,98.0,96.0,97.0,95.0,99.0,99.0,99.0,50.0,99.0,99.0,99.0,99.0,99.0,98.0,98.0,96.0,92.0,91.0,90.0,,,,,,,,,,,,
Belgium,99,99,99,98,98.0,98.0,99.0,98.0,98.0,97.0,95.0,95.0,95.0,95.0,95.0,87.0,79.0,87.0,95.0,94.0,96.0,97.0,95.0,92.0,93.0,94.0,80.0,95.0,95.0,95.0,95.0,95.0,95.0,95.0,95.0
Belize,95,95,98,95,96.0,97.0,94.0,96.0,98.0,96.0,97.0,96.0,89.0,96.0,91.0,87.0,87.0,86.0,85.0,83.0,88.0,85.0,74.0,82.0,91.0,79.0,61.0,85.0,82.0,58.0,53.0,59.0,61.0,44.0,47.0
Benin,70,69,76,75,76.0,79.0,75.0,82.0,74.0,70.0,72.0,73.0,75.0,76.0,78.0,74.0,70.0,66.0,66.0,67.0,81.0,75.0,73.0,69.0,74.0,48.0,30.0,25.0,17.0,17.0,,,,,
Bhutan,99,97,97,95,91.0,93.0,96.0,95.0,95.0,95.0,89.0,95.0,86.0,88.0,92.0,90.0,86.0,87.0,87.0,87.0,86.0,79.0,86.0,91.0,96.0,76.0,70.0,63.0,53.0,41.0,28.0,16.0,15.0,13.0,6.0
Bolivia (Plurinational State of),94,94,93,95,91.0,93.0,88.0,84.0,83.0,85.0,84.0,88.0,77.0,71.0,75.0,77.0,61.0,58.0,61.0,64.0,58.0,52.0,45.0,43.0,41.0,52.0,28.0,35.0,42.0,33.0,6.0,10.0,12.0,13.0,11.0
Bosnia and Herzegovina,86,89,92,88,89.0,90.0,91.0,95.0,87.0,93.0,84.0,87.0,80.0,91.0,85.0,90.0,89.0,79.0,67.0,55.0,82.0,38.0,58.0,,,,,,,,,,,,
Botswana,95,95,95,95,95.0,96.0,96.0,96.0,96.0,96.0,96.0,96.0,97.0,97.0,97.0,97.0,98.0,96.0,96.0,95.0,94.0,94.0,94.0,93.0,92.0,92.0,88.0,88.0,86.0,84.0,83.0,82.0,82.0,75.0,71.0
Brazil,93,97,95,99,99.0,99.0,99.0,99.0,99.0,99.0,99.0,99.0,99.0,98.0,98.0,94.0,93.0,79.0,77.0,81.0,74.0,75.0,71.0,78.0,66.0,56.0,58.0,58.0,58.0,66.0,68.0,60.0,56.0,47.0,37.0
Brunei Darussalam,99,99,90,97,95.0,99.0,98.0,99.0,97.0,94.0,92.0,92.0,94.0,97.0,99.0,92.0,97.0,99.0,99.0,99.0,99.0,99.0,96.0,95.0,93.0,91.0,89.0,85.0,86.0,88.0,96.0,85.0,99.0,94.0,89.0
Bulgaria,88,95,95,95,94.0,94.0,95.0,95.0,95.0,96.0,95.0,96.0,93.0,94.0,93.0,96.0,95.0,94.0,95.0,96.0,93.0,98.0,98.0,99.0,99.0,99.0,99.0,99.0,99.0,99.0,99.0,99.0,99.0,99.0,98.0
Burkina Faso,91,88,90,91,91.0,92.0,93.0,89.0,86.0,82.0,79.0,79.0,69.0,62.0,45.0,15.0,15.0,39.0,37.0,34.0,36.0,39.0,39.0,53.0,66.0,44.0,34.0,23.0,19.0,9.0,,,,,
Burundi,95,96,96,96,96.0,94.0,92.0,99.0,92.0,87.0,83.0,82.0,81.0,81.0,80.0,79.0,65.0,74.0,73.0,73.0,48.0,63.0,80.0,83.0,86.0,82.0,51.0,68.0,55.0,36.0,26.0,44.0,33.0,36.0,
Cote d'Ivoire,67,80,82,62,85.0,81.0,74.0,76.0,77.0,76.0,67.0,61.0,64.0,66.0,65.0,58.0,58.0,58.0,55.0,52.0,50.0,50.0,49.0,39.0,54.0,42.0,31.0,31.0,30.0,25.0,19.0,,,,
Cabo Verde,95,93,94,90,99.0,99.0,99.0,98.0,96.0,95.0,93.0,92.0,91.0,90.0,90.0,89.0,88.0,87.0,88.0,88.0,89.0,89.0,88.0,87.0,88.0,99.0,88.0,92.0,54.0,39.0,31.0,23.0,,,
Cambodia,97,92,95,94,92.0,94.0,91.0,82.0,80.0,82.0,85.0,69.0,54.0,60.0,59.0,53.0,47.0,46.0,43.0,39.0,37.0,35.0,32.0,38.0,38.0,47.0,45.0,37.0,37.0,23.0,17.0,,,,
Cameroon,87,89,85,82,84.0,80.0,84.0,82.0,81.0,80.0,73.0,73.0,66.0,63.0,62.0,59.0,56.0,48.0,46.0,46.0,38.0,37.0,37.0,42.0,48.0,56.0,50.0,44.0,39.0,33.0,27.0,25.0,15.0,5.0,
Canada,96,96,95,96,96.0,95.0,95.0,94.0,95.0,93.0,91.0,91.0,88.0,89.0,89.0,90.0,90.0,86.0,90.0,87.0,93.0,90.0,89.0,88.0,88.0,87.0,86.0,85.0,,,,,,,
Central African Republic,47,23,47,47,45.0,42.0,45.0,48.0,51.0,54.0,51.0,47.0,44.0,40.0,37.0,33.0,43.0,43.0,48.0,53.0,48.0,47.0,45.0,64.0,82.0,64.0,42.0,22.0,19.0,20.0,17.0,16.0,14.0,11.0,13.0
Chad,46,48,45,33,39.0,24.0,19.0,28.0,40.0,25.0,21.0,23.0,25.0,26.0,36.0,45.0,35.0,24.0,20.0,18.0,18.0,13.0,10.0,18.0,20.0,20.0,14.0,14.0,10.0,3.0,3.0,1.0,,,
Chile,92,91,90,94,92.0,94.0,95.0,96.0,94.0,91.0,93.0,96.0,97.0,97.0,91.0,95.0,90.0,90.0,91.0,94.0,94.0,90.0,90.0,94.0,95.0,95.0,96.0,93.0,90.0,99.0,99.0,89.0,99.0,99.0,93.0
China,99,99,99,99,99.0,99.0,97.0,93.0,93.0,87.0,87.0,86.0,86.0,86.0,85.0,85.0,84.0,84.0,83.0,80.0,85.0,88.0,91.0,94.0,97.0,95.0,95.0,75.0,78.0,78.0,73.0,58.0,,,
Colombia,90,91,91,85,88.0,92.0,92.0,93.0,93.0,93.0,89.0,92.0,81.0,80.0,79.0,74.0,73.0,84.0,85.0,85.0,85.0,88.0,78.0,84.0,88.0,78.0,74.0,58.0,48.0,61.0,61.0,42.0,26.0,20.0,16.0
Comoros,80,83,86,83,74.0,83.0,81.0,75.0,69.0,68.0,76.0,80.0,89.0,70.0,70.0,73.0,75.0,48.0,60.0,75.0,58.0,70.0,38.0,52.0,94.0,82.0,43.0,71.0,71.0,51.0,31.0,,,,
Congo,90,85,79,80,74.0,78.0,79.0,72.0,73.0,62.0,67.0,50.0,41.0,31.0,33.0,29.0,26.0,23.0,37.0,50.0,55.0,60.0,67.0,74.0,79.0,79.0,72.0,72.0,71.0,54.0,53.0,50.0,47.0,42.0,42.0
Cook Islands,99,98,98,93,99.0,82.0,99.0,99.0,99.0,99.0,99.0,96.0,97.0,90.0,92.0,92.0,93.0,93.0,75.0,93.0,86.0,99.0,87.0,87.0,93.0,89.0,94.0,83.0,87.0,78.0,48.0,57.0,51.0,46.0,40.0
Costa Rica,91,95,91,85,88.0,86.0,90.0,89.0,89.0,91.0,90.0,88.0,94.0,91.0,88.0,86.0,85.0,94.0,85.0,85.0,88.0,88.0,90.0,90.0,95.0,86.0,87.0,94.0,89.0,90.0,93.0,86.0,81.0,85.0,86.0
Croatia,95,96,96,96,97.0,96.0,96.0,96.0,96.0,96.0,96.0,94.0,95.0,94.0,93.0,93.0,93.0,92.0,91.0,90.0,87.0,85.0,83.0,,,,,,,,,,,,
Cuba,96,96,96,96,96.0,96.0,95.0,93.0,89.0,89.0,88.0,72.0,99.0,98.0,95.0,95.0,99.0,99.0,90.0,99.0,99.0,99.0,94.0,99.0,92.0,96.0,98.0,87.0,99.0,91.0,86.0,99.0,99.0,68.0,67.0
Cyprus,99,99,99,99,99.0,99.0,97.0,97.0,97.0,98.0,98.0,98.0,98.0,97.0,97.0,97.0,98.0,98.0,98.0,96.0,95.0,95.0,94.0,94.0,93.0,93.0,90.0,93.0,91.0,61.0,30.0,34.0,26.0,56.0,34.0
Czech Republic,99,99,99,99,99.0,99.0,99.0,99.0,98.0,97.0,98.0,97.0,98.0,98.0,98.0,98.0,98.0,98.0,97.0,96.0,98.0,99.0,,,,,,,,,,,,,
Democratic People's Republic of Korea,93,93,96,94,93.0,93.0,92.0,92.0,89.0,79.0,72.0,68.0,64.0,62.0,56.0,50.0,43.0,37.0,50.0,64.0,77.0,90.0,90.0,97.0,98.0,97.0,87.0,86.0,61.0,55.0,67.0,52.0,51.0,52.0,50.0
Democratic Republic of the Congo,80,74,75,74,60.0,72.0,65.0,70.0,62.0,60.0,54.0,41.0,38.0,30.0,40.0,25.0,18.0,18.0,18.0,23.0,26.0,29.0,23.0,16.0,35.0,38.0,41.0,38.0,32.0,37.0,27.0,16.0,17.0,18.0,
Denmark,94,94,94,91,90.0,89.0,88.0,87.0,93.0,93.0,95.0,96.0,98.0,97.0,97.0,99.0,99.0,92.0,77.0,90.0,89.0,88.0,91.0,90.0,90.0,89.0,87.0,88.0,89.0,90.0,86.0,86.0,87.0,88.0,88.0
Djibouti,78,82,81,87,88.0,89.0,89.0,88.0,72.0,71.0,64.0,68.0,62.0,53.0,46.0,23.0,23.0,32.0,41.0,41.0,41.0,41.0,41.0,53.0,85.0,77.0,65.0,25.0,24.0,22.0,21.0,14.0,6.0,,
Dominica,97,96,97,98,98.0,99.0,96.0,96.0,95.0,98.0,99.0,99.0,98.0,99.0,99.0,99.0,99.0,92.0,99.0,99.0,99.0,99.0,99.0,98.0,92.0,92.0,96.0,95.0,93.0,91.0,84.0,93.0,99.0,97.0,63.0
Dominican Republic,91,83,85,84,88.0,82.0,82.0,85.0,89.0,87.0,79.0,79.0,82.0,72.0,78.0,83.0,75.0,73.0,72.0,72.0,74.0,75.0,73.0,71.0,69.0,58.0,69.0,80.0,80.0,39.0,34.0,29.0,28.0,27.0,36.0
Ecuador,83,87,87,88,91.0,94.0,96.0,96.0,96.0,92.0,88.0,87.0,88.0,89.0,87.0,79.0,85.0,81.0,82.0,83.0,84.0,85.0,87.0,59.0,68.0,55.0,54.0,51.0,44.0,41.0,48.0,31.0,35.0,26.0,10.0
Egypt,94,97,93,96,97.0,97.0,97.0,98.0,98.0,98.0,97.0,98.0,97.0,99.0,98.0,97.0,92.0,88.0,90.0,88.0,83.0,81.0,79.0,76.0,87.0,90.0,87.0,81.0,80.0,84.0,69.0,57.0,57.0,57.0,57.0
El Salvador,93,92,92,89,89.0,91.0,98.0,99.0,96.0,89.0,90.0,94.0,81.0,92.0,99.0,94.0,99.0,97.0,96.0,99.0,90.0,79.0,60.0,61.0,80.0,64.0,63.0,53.0,50.0,55.0,31.0,21.0,42.0,42.0,44.0
Equatorial Guinea,24,3,20,33,44.0,43.0,42.0,41.0,40.0,39.0,38.0,37.0,36.0,35.0,34.0,33.0,81.0,81.0,80.0,79.0,77.0,76.0,76.0,77.0,77.0,48.0,19.0,10.0,3.0,3.0,,,,,
Eritrea,94,94,94,96,90.0,92.0,94.0,91.0,94.0,96.0,98.0,93.0,90.0,86.0,81.0,93.0,86.0,75.0,66.0,58.0,49.0,32.0,,,,,,,,,,,,,
Estonia,93,94,94,93,94.0,95.0,95.0,95.0,95.0,96.0,94.0,94.0,94.0,94.0,93.0,91.0,88.0,87.0,87.0,82.0,77.0,71.0,,,,,,,,,,,,,
Ethiopia,77,72,69,65,61.0,58.0,54.0,50.0,46.0,44.0,40.0,37.0,35.0,32.0,30.0,27.0,41.0,55.0,55.0,57.0,57.0,28.0,13.0,21.0,49.0,26.0,16.0,16.0,7.0,6.0,4.0,4.0,3.0,3.0,
Fiji,99,99,99,99,99.0,99.0,99.0,99.0,98.0,96.0,95.0,94.0,93.0,91.0,90.0,89.0,87.0,86.0,97.0,97.0,96.0,96.0,97.0,99.0,97.0,98.0,98.0,90.0,71.0,69.0,77.0,80.0,64.0,70.0,68.0
Finland,98,98,99,99,99.0,99.0,99.0,99.0,97.0,97.0,98.0,98.0,98.0,98.0,99.0,99.0,99.0,99.0,99.0,99.0,99.0,99.0,99.0,95.0,90.0,90.0,99.0,98.0,97.0,96.0,95.0,94.0,94.0,92.0,92.0
France,99,99,99,99,99.0,98.0,98.0,98.0,99.0,98.0,98.0,97.0,97.0,97.0,97.0,97.0,96.0,97.0,97.0,96.0,96.0,94.0,94.0,94.0,94.0,95.0,79.0,88.0,96.0,95.0,94.0,90.0,85.0,79.0,79.0
Gabon,70,79,82,75,67.0,76.0,82.0,81.0,45.0,45.0,45.0,45.0,45.0,45.0,45.0,45.0,50.0,54.0,62.0,70.0,69.0,67.0,66.0,72.0,78.0,78.0,72.0,65.0,59.0,48.0,31.0,14.0,,,
Gambia,96,97,98,96,97.0,98.0,96.0,95.0,95.0,95.0,87.0,87.0,87.0,87.0,80.0,74.0,85.0,96.0,96.0,96.0,93.0,90.0,85.0,85.0,92.0,87.0,82.0,85.0,73.0,78.0,70.0,62.0,80.0,76.0,63.0
Georgia,91,96,92,94,92.0,88.0,92.0,98.0,88.0,82.0,78.0,75.0,84.0,87.0,80.0,84.0,80.0,80.0,80.0,79.0,58.0,54.0,58.0,,,,,,,,,,,,
Germany,96,96,96,96,96.0,96.0,96.0,96.0,96.0,96.0,96.0,97.0,93.0,93.0,90.0,97.0,89.0,87.0,84.0,78.0,73.0,62.0,85.0,80.0,80.0,80.0,80.0,80.0,90.0,80.0,94.0,93.0,97.0,95.0,
Ghana,98,90,92,91,94.0,94.0,93.0,94.0,84.0,84.0,80.0,80.0,78.0,79.0,88.0,79.0,76.0,71.0,71.0,70.0,70.0,66.0,62.0,60.0,58.0,51.0,47.0,42.0,35.0,22.0,19.0,23.0,23.0,22.0,7.0
Greece,99,99,99,99,99.0,99.0,99.0,99.0,98.0,96.0,95.0,94.0,92.0,91.0,89.0,88.0,89.0,90.0,90.0,90.0,90.0,89.0,89.0,85.0,54.0,54.0,83.0,82.0,80.0,54.0,60.0,72.0,83.0,95.0,72.0
Grenada,97,97,97,94,97.0,99.0,99.0,96.0,91.0,99.0,83.0,97.0,98.0,96.0,97.0,88.0,97.0,95.0,80.0,95.0,91.0,89.0,90.0,85.0,80.0,87.0,65.0,80.0,98.0,61.0,76.0,68.0,56.0,43.0,25.0
Guatemala,73,85,96,88,94.0,92.0,95.0,85.0,89.0,87.0,87.0,84.0,82.0,77.0,81.0,77.0,78.0,73.0,66.0,77.0,71.0,75.0,66.0,63.0,66.0,50.0,47.0,16.0,37.0,21.0,48.0,44.0,45.0,42.0,43.0
Guinea,51,63,63,63,64.0,57.0,60.0,63.0,57.0,59.0,60.0,57.0,53.0,50.0,46.0,43.0,56.0,47.0,48.0,54.0,53.0,53.0,52.0,36.0,17.0,17.0,16.0,15.0,15.0,15.0,15.0,15.0,15.0,,
Guinea-Bissau,80,80,80,80,80.0,80.0,77.0,74.0,71.0,68.0,64.0,60.0,57.0,53.0,49.0,45.0,54.0,63.0,53.0,45.0,74.0,63.0,67.0,63.0,61.0,54.0,66.0,55.0,47.0,18.0,18.0,9.0,,,
Guyana,98,98,97,93,95.0,98.0,93.0,94.0,93.0,93.0,91.0,90.0,91.0,85.0,88.0,83.0,90.0,88.0,83.0,86.0,90.0,93.0,79.0,81.0,83.0,77.0,64.0,67.0,64.0,75.0,70.0,58.0,53.0,45.0,35.0
Haiti,48,68,68,68,67.0,65.0,64.0,63.0,61.0,60.0,58.0,56.0,54.0,51.0,49.0,47.0,45.0,42.0,42.0,42.0,41.0,39.0,38.0,36.0,41.0,50.0,48.0,28.0,24.0,19.0,14.0,9.0,13.0,14.0,3.0
Honduras,85,87,88,91,95.0,98.0,93.0,94.0,95.0,98.0,94.0,92.0,95.0,96.0,94.0,95.0,97.0,95.0,94.0,94.0,94.0,94.0,93.0,94.0,84.0,85.0,74.0,58.0,62.0,58.0,41.0,52.0,46.0,34.0,28.0
Hungary,99,99,99,99,99.0,99.0,99.0,99.0,99.0,99.0,99.0,99.0,99.0,99.0,99.0,99.0,99.0,99.0,99.0,99.0,99.0,99.0,99.0,99.0,99.0,99.0,99.0,99.0,99.0,99.0,99.0,99.0,99.0,99.0,99.0
Iceland,90,91,89,95,96.0,96.0,98.0,97.0,97.0,95.0,99.0,97.0,95.0,92.0,98.0,98.0,99.0,99.0,99.0,99.0,99.0,99.0,99.0,99.0,99.0,99.0,99.0,99.0,99.0,99.0,99.0,94.0,98.0,99.0,99.0
India,83,83,82,82,79.0,74.0,70.0,64.0,65.0,65.0,63.0,61.0,59.0,59.0,58.0,59.0,61.0,62.0,66.0,71.0,67.0,61.0,56.0,57.0,70.0,50.0,40.0,30.0,20.0,18.0,16.0,14.0,12.0,6.0,6.0
Indonesia,78,85,83,81,81.0,78.0,77.0,73.0,72.0,72.0,71.0,71.0,70.0,76.0,75.0,75.0,74.0,73.0,72.0,69.0,68.0,66.0,64.0,62.0,60.0,57.0,54.0,50.0,47.0,27.0,13.0,6.0,1.0,1.0,
Iran (Islamic Republic of),99,98,99,99,99.0,99.0,99.0,99.0,98.0,95.0,99.0,99.0,99.0,96.0,99.0,99.0,99.0,99.0,99.0,98.0,95.0,99.0,97.0,88.0,91.0,82.0,88.0,57.0,57.0,51.0,33.0,33.0,41.0,29.0,32.0
Iraq,64,68,69,79,74.0,78.0,69.0,57.0,59.0,65.0,74.0,75.0,77.0,78.0,80.0,81.0,76.0,78.0,76.0,74.0,72.0,70.0,74.0,78.0,83.0,87.0,87.0,94.0,91.0,86.0,67.0,16.0,18.0,13.0,14.0
Ireland,96,96,95,95,94.0,94.0,93.0,92.0,91.0,90.0,89.0,86.0,83.0,84.0,86.0,86.0,84.0,76.0,74.0,73.0,71.0,70.0,68.0,67.0,65.0,65.0,43.0,44.0,44.0,45.0,45.0,42.0,43.0,36.0,34.0
Israel,94,94,94,94,95.0,96.0,94.0,95.0,95.0,93.0,95.0,93.0,90.0,92.0,93.0,91.0,92.0,95.0,94.0,96.0,95.0,96.0,95.0,94.0,93.0,92.0,92.0,92.0,92.0,85.0,87.0,89.0,92.0,91.0,84.0
Italy,94,96,97,96,96.0,96.0,96.0,97.0,96.0,95.0,94.0,96.0,93.0,93.0,87.0,95.0,95.0,95.0,96.0,95.0,95.0,95.0,95.0,95.0,83.0,,,,,,,,,,
Jamaica,92,93,96,92,94.0,90.0,91.0,92.0,95.0,99.0,98.0,96.0,99.0,99.0,93.0,89.0,86.0,90.0,92.0,90.0,93.0,91.0,84.0,85.0,86.0,85.0,82.0,81.0,74.0,60.0,58.0,51.0,34.0,39.0,24.0
Japan,98,98,98,98,98.0,98.0,98.0,98.0,98.0,98.0,99.0,97.0,96.0,95.0,85.0,80.0,75.0,70.0,99.0,74.0,80.0,85.0,87.0,92.0,90.0,87.0,86.0,85.0,84.0,83.0,82.0,80.0,81.0,75.0,60.0
Jordan,98,98,98,98,98.0,98.0,97.0,98.0,98.0,95.0,95.0,97.0,95.0,99.0,91.0,85.0,99.0,99.0,96.0,95.0,94.0,91.0,92.0,92.0,92.0,94.0,93.0,90.0,88.0,85.0,81.0,76.0,75.0,81.0,30.0
Kazakhstan,95,98,99,99,99.0,98.0,99.0,93.0,99.0,98.0,82.0,99.0,95.0,95.0,97.0,98.0,99.0,97.0,95.0,93.0,76.0,76.0,81.0,,,,,,,,,,,,
Kenya,81,76,83,88,83.0,84.0,85.0,81.0,80.0,76.0,73.0,73.0,84.0,80.0,82.0,82.0,81.0,79.0,87.0,94.0,92.0,89.0,87.0,86.0,84.0,83.0,82.0,77.0,72.0,70.0,58.0,,,,
Kiribati,75,95,94,99,91.0,86.0,82.0,94.0,86.0,79.0,62.0,70.0,77.0,85.0,90.0,78.0,88.0,91.0,79.0,60.0,71.0,99.0,86.0,70.0,97.0,79.0,63.0,36.0,37.0,37.0,18.0,40.0,53.0,29.0,43.0
Kuwait,95,99,98,99,98.0,99.0,99.0,99.0,99.0,99.0,98.0,99.0,99.0,99.0,98.0,94.0,95.0,96.0,99.0,99.0,99.0,97.0,88.0,80.0,71.0,94.0,94.0,92.0,91.0,90.0,89.0,89.0,83.0,79.0,67.0
Kyrgyzstan,96,97,96,96,96.0,95.0,95.0,94.0,92.0,98.0,99.0,98.0,98.0,99.0,99.0,99.0,97.0,98.0,98.0,93.0,82.0,64.0,84.0,,,,,,,,,,,,
Lao People's Democratic Republic,88,87,79,78,74.0,67.0,61.0,50.0,57.0,49.0,45.0,49.0,53.0,52.0,51.0,55.0,54.0,60.0,58.0,54.0,48.0,25.0,23.0,22.0,18.0,21.0,17.0,10.0,5.0,4.0,5.0,7.0,7.0,7.0,
Latvia,92,94,91,92,92.0,94.0,94.0,94.0,96.0,99.0,99.0,98.0,97.0,97.0,96.0,95.0,94.0,92.0,93.0,98.0,97.0,80.0,87.0,,,,,,,,,,,,
Lebanon,81,81,81,81,81.0,81.0,81.0,80.0,78.0,77.0,75.0,74.0,77.0,80.0,83.0,86.0,89.0,92.0,93.0,93.0,92.0,91.0,90.0,86.0,82.0,79.0,63.0,46.0,30.0,17.0,4.0,4.0,4.0,2.0,
Lesotho,96,96,96,96,93.0,91.0,88.0,88.0,89.0,89.0,90.0,90.0,84.0,78.0,83.0,88.0,88.0,87.0,87.0,88.0,87.0,86.0,85.0,84.0,82.0,81.0,80.0,79.0,81.0,82.0,74.0,66.0,61.0,56.0,56.0
Liberia,50,76,80,77,70.0,81.0,75.0,65.0,60.0,60.0,31.0,35.0,39.0,42.0,46.0,50.0,,,,,,,,,,,,,,,,,,,
Libya,94,96,98,98,98.0,98.0,98.0,98.0,98.0,98.0,97.0,95.0,93.0,94.0,94.0,94.0,95.0,96.0,96.0,95.0,95.0,96.0,90.0,87.0,84.0,87.0,84.0,82.0,82.0,81.0,81.0,79.0,72.0,67.0,60.0
Lithuania,93,93,93,92,95.0,98.0,96.0,95.0,94.0,94.0,94.0,94.0,95.0,95.0,94.0,93.0,93.0,90.0,91.0,90.0,83.0,83.0,78.0,,,,,,,,,,,,
Luxembourg,99,99,99,99,99.0,99.0,99.0,99.0,99.0,99.0,99.0,98.0,99.0,99.0,99.0,98.0,98.0,98.0,98.0,97.0,95.0,94.0,93.0,91.0,90.0,90.0,90.0,95.0,86.0,77.0,68.0,75.0,,,
Madagascar,73,74,70,73,70.0,77.0,77.0,84.0,85.0,85.0,78.0,66.0,62.0,60.0,57.0,55.0,52.0,49.0,49.0,57.0,66.0,66.0,65.0,53.0,46.0,45.0,42.0,35.0,30.0,23.0,19.0,23.0,15.0,,
Malawi,91,89,96,97,93.0,93.0,91.0,87.0,99.0,93.0,89.0,84.0,64.0,90.0,75.0,85.0,96.0,95.0,90.0,89.0,82.0,91.0,87.0,87.0,87.0,87.0,82.0,78.0,57.0,55.0,58.0,63.0,64.0,66.0,58.0
Malaysia,97,97,97,96,96.0,97.0,97.0,97.0,95.0,96.0,95.0,96.0,94.0,96.0,98.0,97.0,97.0,98.0,97.0,98.0,95.0,91.0,94.0,92.0,90.0,84.0,68.0,69.0,62.0,57.0,54.0,58.0,73.0,66.0,67.0
Maldives,99,99,99,96,96.0,98.0,98.0,98.0,98.0,98.0,96.0,98.0,98.0,98.0,98.0,97.0,97.0,97.0,97.0,94.0,96.0,90.0,98.0,98.0,94.0,91.0,86.0,42.0,42.0,28.0,24.0,13.0,1.0,1.0,4.0
Mali,77,71,68,66,73.0,73.0,74.0,74.0,78.0,77.0,69.0,63.0,61.0,49.0,43.0,40.0,52.0,52.0,53.0,49.0,39.0,46.0,38.0,34.0,42.0,26.0,18.0,8.0,8.0,8.0,,,,,
Malta,99,99,99,96,76.0,73.0,72.0,74.0,85.0,92.0,89.0,94.0,95.0,95.0,94.0,93.0,92.0,92.0,92.0,92.0,88.0,83.0,82.0,86.0,63.0,47.0,87.0,87.0,86.0,37.0,50.0,,,,
Marshall Islands,78,79,80,87,94.0,96.0,95.0,93.0,74.0,77.0,64.0,68.0,80.0,48.0,39.0,66.0,86.0,78.0,78.0,70.0,67.0,56.0,82.0,71.0,92.0,92.0,92.0,,,,,,,,
Mauritania,84,80,80,75,64.0,64.0,74.0,75.0,68.0,71.0,70.0,76.0,89.0,75.0,51.0,53.0,16.0,28.0,50.0,55.0,50.0,44.0,39.0,29.0,33.0,28.0,28.0,30.0,32.0,27.0,21.0,20.0,20.0,18.0,
Mauritius,97,98,98,98,99.0,99.0,99.0,97.0,97.0,97.0,98.0,99.0,88.0,92.0,88.0,85.0,89.0,90.0,89.0,93.0,89.0,88.0,88.0,91.0,85.0,85.0,86.0,84.0,86.0,88.0,85.0,89.0,94.0,82.0,89.0
Mexico,87,83,99,97,95.0,95.0,96.0,98.0,98.0,98.0,98.0,98.0,97.0,97.0,97.0,96.0,96.0,95.0,95.0,91.0,91.0,82.0,90.0,88.0,53.0,65.0,60.0,62.0,51.0,40.0,52.0,41.0,40.0,43.0,44.0
Micronesia (Federated States of),81,81,81,84,85.0,91.0,85.0,79.0,67.0,94.0,78.0,92.0,84.0,75.0,85.0,76.0,80.0,75.0,79.0,83.0,81.0,78.0,91.0,79.0,85.0,95.0,85.0,57.0,,,,,,,
Monaco,99,99,99,99,99.0,99.0,99.0,99.0,99.0,99.0,99.0,99.0,99.0,99.0,99.0,99.0,99.0,99.0,99.0,99.0,99.0,99.0,98.0,98.0,99.0,99.0,99.0,,,,,,,,
Mongolia,99,98,99,99,96.0,95.0,96.0,95.0,99.0,99.0,99.0,98.0,98.0,95.0,94.0,94.0,94.0,92.0,90.0,88.0,78.0,79.0,64.0,81.0,84.0,84.0,82.0,80.0,81.0,80.0,77.0,79.0,79.0,78.0,76.0
Montenegro,91,94,94,95,94.0,92.0,95.0,92.0,90.0,,,,,,,,,,,,,,,,,,,,,,,,,,
Morocco,99,99,99,99,99.0,99.0,99.0,95.0,97.0,98.0,97.0,91.0,94.0,96.0,95.0,91.0,93.0,94.0,95.0,90.0,87.0,86.0,87.0,81.0,81.0,80.0,82.0,85.0,63.0,51.0,45.0,41.0,32.0,,
Mozambique,78,78,76,76,74.0,74.0,75.0,75.0,78.0,80.0,83.0,85.0,76.0,73.0,70.0,68.0,65.0,62.0,60.0,57.0,55.0,49.0,50.0,46.0,46.0,47.0,38.0,39.0,32.0,29.0,32.0,38.0,43.0,56.0,
Myanmar,75,75,84,84,90.0,90.0,85.0,86.0,82.0,73.0,82.0,78.0,79.0,73.0,82.0,75.0,90.0,90.0,88.0,84.0,77.0,73.0,71.0,66.0,88.0,50.0,28.0,23.0,20.0,16.0,12.0,11.0,9.0,5.0,4.0
Namibia,88,89,84,82,83.0,83.0,83.0,86.0,86.0,86.0,81.0,79.0,77.0,78.0,79.0,72.0,74.0,66.0,70.0,74.0,79.0,73.0,70.0,69.0,,,,,,,,,,,
Nauru,95,87,79,99,99.0,99.0,99.0,99.0,72.0,80.0,80.0,80.0,80.0,95.0,44.0,64.0,72.0,50.0,53.0,56.0,60.0,63.0,67.0,70.0,74.0,75.0,67.0,55.0,61.0,67.0,67.0,,,,
Nepal,92,92,90,92,82.0,89.0,82.0,82.0,89.0,75.0,80.0,78.0,72.0,72.0,74.0,65.0,71.0,78.0,65.0,54.0,54.0,51.0,49.0,46.0,43.0,44.0,45.0,46.0,38.0,32.0,27.0,23.0,18.0,16.0,8.0
Netherlands,96,97,97,97,97.0,97.0,97.0,96.0,96.0,98.0,98.0,98.0,97.0,97.0,97.0,97.0,97.0,97.0,97.0,97.0,97.0,97.0,97.0,97.0,97.0,97.0,97.0,97.0,97.0,97.0,97.0,97.0,96.0,96.0,96.0
New Zealand,93,92,93,95,93.0,92.0,89.0,88.0,89.0,89.0,89.0,90.0,90.0,90.0,90.0,88.0,81.0,86.0,88.0,89.0,84.0,83.0,81.0,81.0,90.0,80.0,69.0,67.0,70.0,72.0,83.0,73.0,73.0,72.0,76.0
Nicaragua,98,98,98,98,98.0,98.0,97.0,93.0,88.0,86.0,79.0,86.0,85.0,87.0,83.0,79.0,73.0,80.0,80.0,80.0,81.0,81.0,81.0,75.0,70.0,68.0,47.0,51.0,45.0,39.0,33.0,24.0,27.0,23.0,16.0
Niger,68,67,71,75,70.0,71.0,67.0,57.0,51.0,45.0,43.0,41.0,39.0,36.0,34.0,32.0,29.0,25.0,23.0,23.0,20.0,20.0,20.0,19.0,22.0,13.0,9.0,7.0,5.0,4.0,5.0,5.0,6.0,6.0,
Nigeria,66,63,42,48,54.0,63.0,53.0,42.0,40.0,36.0,33.0,29.0,25.0,27.0,29.0,31.0,32.0,21.0,26.0,34.0,44.0,29.0,43.0,39.0,56.0,47.0,36.0,29.0,22.0,16.0,9.0,,,,
Niue,99,99,98,98,99.0,99.0,99.0,98.0,99.0,84.0,99.0,94.0,99.0,99.0,99.0,99.0,99.0,99.0,99.0,99.0,99.0,99.0,99.0,99.0,99.0,99.0,99.0,99.0,81.0,62.0,43.0,31.0,20.0,8.0,7.0
Norway,93,94,95,94,93.0,94.0,94.0,93.0,94.0,91.0,92.0,92.0,93.0,91.0,90.0,92.0,93.0,95.0,97.0,97.0,93.0,94.0,98.0,96.0,86.0,83.0,83.0,80.0,83.0,85.0,90.0,90.0,,,
Oman,99,98,98,99,99.0,98.0,99.0,99.0,98.0,99.0,99.0,99.0,99.0,99.0,99.0,99.0,99.0,99.0,99.0,99.0,97.0,97.0,99.0,95.0,98.0,98.0,90.0,89.0,82.0,60.0,45.0,31.0,24.0,19.0,18.0
Pakistan,73,73,72,74,82.0,71.0,62.0,75.0,78.0,77.0,65.0,67.0,68.0,65.0,62.0,58.0,55.0,52.0,46.0,58.0,39.0,37.0,42.0,50.0,54.0,40.0,38.0,36.0,34.0,30.0,23.0,15.0,5.0,3.0,2.0
Palau,95,99,89,84,69.0,49.0,92.0,94.0,98.0,98.0,98.0,99.0,99.0,98.0,96.0,96.0,96.0,91.0,98.0,99.0,67.0,89.0,93.0,98.0,99.0,78.0,99.0,81.0,98.0,,,,,,
Panama,80,80,85,87,94.0,85.0,86.0,85.0,88.0,92.0,95.0,98.0,99.0,99.0,98.0,92.0,98.0,95.0,91.0,86.0,83.0,83.0,77.0,82.0,86.0,70.0,75.0,72.0,70.0,73.0,59.0,60.0,60.0,78.0,47.0
Papua New Guinea,62,68,63,61,56.0,62.0,52.0,60.0,61.0,61.0,62.0,68.0,61.0,55.0,59.0,60.0,60.0,45.0,56.0,62.0,61.0,58.0,58.0,68.0,68.0,53.0,48.0,44.0,44.0,40.0,34.0,27.0,29.0,32.0,32.0
Paraguay,87,86,87,89,89.0,85.0,89.0,95.0,98.0,96.0,92.0,86.0,87.0,89.0,86.0,82.0,79.0,75.0,72.0,68.0,71.0,66.0,73.0,66.0,67.0,61.0,56.0,58.0,53.0,57.0,67.0,45.0,34.0,28.0,17.0
Peru,88,88,95,91,93.0,93.0,93.0,93.0,94.0,77.0,86.0,94.0,95.0,90.0,98.0,99.0,94.0,90.0,94.0,90.0,87.0,87.0,83.0,71.0,72.0,58.0,60.0,43.0,50.0,48.0,28.0,23.0,23.0,20.0,16.0
Philippines,79,94,86,80,79.0,87.0,91.0,87.0,88.0,89.0,88.0,84.0,79.0,79.0,78.0,80.0,81.0,81.0,75.0,70.0,73.0,76.0,80.0,90.0,88.0,86.0,79.0,72.0,66.0,59.0,57.0,55.0,54.0,54.0,47.0
Poland,99,99,99,99,99.0,99.0,99.0,99.0,99.0,99.0,99.0,99.0,99.0,98.0,98.0,98.0,98.0,98.0,97.0,96.0,96.0,95.0,95.0,95.0,96.0,96.0,96.0,96.0,95.0,94.0,95.0,95.0,95.0,96.0,96.0
Portugal,98,98,98,97,98.0,96.0,97.0,97.0,97.0,93.0,95.0,99.0,98.0,97.0,96.0,97.0,97.0,94.0,95.0,93.0,97.0,93.0,94.0,96.0,89.0,88.0,81.0,83.0,81.0,72.0,78.0,79.0,78.0,75.0,73.0
Qatar,99,99,92,93,97.0,99.0,97.0,94.0,96.0,97.0,96.0,92.0,96.0,93.0,80.0,92.0,94.0,92.0,92.0,92.0,91.0,90.0,88.0,86.0,82.0,81.0,69.0,72.0,72.0,71.0,60.0,49.0,37.0,43.0,61.0
Republic of Korea,99,99,99,99,94.0,94.0,94.0,91.0,98.0,96.0,88.0,97.0,97.0,97.0,97.0,86.0,74.0,80.0,90.0,99.0,93.0,88.0,84.0,79.0,74.0,89.0,58.0,57.0,76.0,76.0,76.0,69.0,61.0,61.0,
Republic of Moldova,90,90,92,93,90.0,85.0,90.0,92.0,97.0,98.0,98.0,98.0,97.0,97.0,95.0,97.0,97.0,97.0,97.0,96.0,86.0,70.0,84.0,,,,,,,,,,,,
Romania,94,92,91,89,94.0,95.0,96.0,96.0,97.0,97.0,97.0,97.0,98.0,99.0,99.0,97.0,97.0,97.0,98.0,98.0,98.0,91.0,98.0,98.0,96.0,96.0,96.0,92.0,89.0,95.0,,,,,
Russian Federation,97,97,97,97,97.0,98.0,98.0,98.0,99.0,98.0,97.0,97.0,96.0,96.0,96.0,95.0,91.0,88.0,84.0,78.0,88.0,79.0,72.0,,,,,,,,,,,,
Rwanda,99,99,98,97,97.0,97.0,97.0,97.0,99.0,95.0,89.0,96.0,88.0,77.0,90.0,85.0,79.0,73.0,89.0,83.0,23.0,83.0,85.0,91.0,84.0,82.0,80.0,88.0,87.0,50.0,55.0,59.0,38.0,17.0,
Saint Kitts and Nevis,97,96,97,97,95.0,97.0,98.0,99.0,99.0,99.0,95.0,98.0,96.0,99.0,98.0,98.0,97.0,99.0,99.0,99.0,99.0,99.0,99.0,99.0,99.0,99.0,94.0,96.0,99.0,92.0,97.0,90.0,92.0,67.0,56.0
Saint Lucia,99,99,98,99,97.0,95.0,96.0,99.0,85.0,95.0,91.0,90.0,74.0,99.0,70.0,89.0,88.0,98.0,88.0,98.0,93.0,97.0,96.0,96.0,89.0,92.0,78.0,85.0,78.0,87.0,83.0,81.0,79.0,64.0,56.0
Saint Vincent and the Grenadines,98,97,96,96,99.0,99.0,99.0,99.0,99.0,99.0,99.0,99.0,99.0,99.0,98.0,95.0,99.0,99.0,99.0,97.0,99.0,99.0,99.0,99.0,98.0,98.0,98.0,97.0,95.0,90.0,86.0,80.0,67.0,32.0,26.0
Samoa,91,95,92,91,87.0,72.0,46.0,71.0,56.0,64.0,68.0,94.0,96.0,93.0,99.0,98.0,99.0,96.0,95.0,94.0,93.0,92.0,91.0,79.0,90.0,66.0,90.0,93.0,94.0,89.0,96.0,89.0,87.0,66.0,29.0
San Marino,80,69,96,86,79.0,92.0,87.0,92.0,95.0,95.0,98.0,96.0,96.0,96.0,96.0,99.0,,99.0,99.0,99.0,88.0,99.0,99.0,99.0,99.0,99.0,99.0,99.0,99.0,99.0,99.0,99.0,,,
Sao Tome and Principe,95,97,96,96,98.0,98.0,99.0,97.0,97.0,97.0,96.0,94.0,92.0,92.0,82.0,78.0,73.0,73.0,68.0,79.0,83.0,60.0,68.0,87.0,92.0,63.0,77.0,72.0,65.0,48.0,49.0,26.0,34.0,42.0,
Saudi Arabia,98,98,98,98,98.0,98.0,98.0,96.0,96.0,96.0,96.0,95.0,95.0,97.0,95.0,93.0,94.0,92.0,93.0,96.0,95.0,94.0,91.0,91.0,92.0,96.0,89.0,89.0,86.0,81.0,76.0,67.0,62.0,53.0,41.0
Senegal,89,92,91,92,89.0,86.0,88.0,94.0,89.0,84.0,87.0,73.0,60.0,52.0,52.0,60.0,59.0,59.0,70.0,80.0,57.0,58.0,59.0,51.0,51.0,47.0,59.0,57.0,54.0,,,,,,
Serbia,93,95,91,94,91.0,95.0,95.0,94.0,92.0,98.0,88.0,89.0,95.0,93.0,95.0,92.0,93.0,94.0,91.0,89.0,85.0,85.0,84.0,,,,,,,,,,,,
Seychelles,99,98,98,99,99.0,99.0,99.0,99.0,99.0,99.0,99.0,99.0,99.0,96.0,98.0,99.0,99.0,98.0,99.0,97.0,96.0,96.0,96.0,98.0,99.0,97.0,94.0,89.0,94.0,86.0,95.0,97.0,55.0,13.0,
Sierra Leone,83,92,91,89,86.0,84.0,77.0,64.0,64.0,65.0,65.0,73.0,53.0,38.0,44.0,43.0,,,,,,,,,,,,,,,,,,,
Singapore,97,97,97,96,97.0,97.0,97.0,96.0,95.0,96.0,95.0,96.0,94.0,96.0,98.0,97.0,97.0,98.0,97.0,98.0,95.0,92.0,89.0,91.0,85.0,90.0,90.0,96.0,91.0,78.0,77.0,84.0,83.0,87.0,84.0
Slovakia,97,98,99,99,99.0,99.0,99.0,99.0,99.0,99.0,99.0,99.0,99.0,99.0,99.0,99.0,99.0,99.0,99.0,99.0,99.0,,,,,,,,,,,,,,
Slovenia,95,95,96,96,96.0,96.0,97.0,97.0,97.0,95.0,94.0,95.0,93.0,92.0,91.0,92.0,91.0,94.0,98.0,98.0,98.0,98.0,98.0,,,,,,,,,,,,
Solomon Islands,88,94,99,99,90.0,92.0,89.0,90.0,99.0,89.0,90.0,84.0,78.0,84.0,86.0,88.0,70.0,72.0,72.0,69.0,68.0,65.0,71.0,76.0,77.0,67.0,69.0,66.0,42.0,38.0,45.0,27.0,23.0,35.0,46.0
Somalia,42,42,42,41,45.0,42.0,31.0,40.0,26.0,35.0,30.0,40.0,40.0,33.0,33.0,36.0,33.0,19.0,21.0,22.0,23.0,22.0,21.0,20.0,19.0,18.0,26.0,25.0,17.0,22.0,10.0,5.0,5.0,2.0,
South Africa,70,65,68,72,66.0,70.0,73.0,72.0,74.0,72.0,64.0,69.0,70.0,71.0,73.0,74.0,75.0,76.0,73.0,72.0,73.0,81.0,79.0,81.0,72.0,71.0,70.0,72.0,70.0,75.0,75.0,74.0,,,
South Sudan,39,45,59,61,,,,,,,,,,,,,,,,,,,,,,,,,,,,,,,
Spain,97,96,97,97,97.0,96.0,97.0,96.0,98.0,96.0,97.0,98.0,98.0,96.0,95.0,95.0,95.0,94.0,90.0,90.0,88.0,87.0,84.0,86.0,86.0,93.0,93.0,77.0,88.0,79.0,95.0,,,,
Sri Lanka,99,99,99,99,99.0,97.0,98.0,98.0,98.0,99.0,97.0,99.0,98.0,98.0,99.0,99.0,94.0,97.0,92.0,93.0,88.0,90.0,88.0,86.0,86.0,87.0,83.0,77.0,75.0,70.0,66.0,64.0,57.0,45.0,46.0
Sudan,94,93,92,93,90.0,81.0,86.0,84.0,78.0,78.0,74.0,69.0,60.0,66.0,62.0,55.0,46.0,55.0,56.0,48.0,46.0,51.0,53.0,62.0,62.0,60.0,40.0,27.0,14.0,8.0,4.0,3.0,2.0,1.0,1.0
Suriname,85,86,84,86,96.0,87.0,85.0,84.0,84.0,83.0,85.0,75.0,73.0,68.0,71.0,85.0,90.0,81.0,85.0,84.0,74.0,76.0,74.0,75.0,83.0,72.0,64.0,71.0,80.0,84.0,80.0,85.0,61.0,27.0,25.0
Swaziland,98,98,95,91,89.0,88.0,88.0,87.0,87.0,86.0,86.0,85.0,85.0,84.0,84.0,83.0,83.0,82.0,82.0,82.0,96.0,89.0,93.0,79.0,89.0,89.0,89.0,86.0,74.0,61.0,50.0,43.0,39.0,30.0,
Sweden,98,98,98,98,98.0,98.0,98.0,98.0,98.0,98.0,99.0,99.0,99.0,99.0,99.0,99.0,99.0,99.0,99.0,99.0,99.0,99.0,99.0,99.0,99.0,99.0,99.0,99.0,99.0,99.0,99.0,99.0,99.0,99.0,99.0
Switzerland,96,96,96,96,95.0,95.0,95.0,94.0,94.0,94.0,93.0,93.0,93.0,93.0,93.0,93.0,88.0,89.0,89.0,89.0,89.0,89.0,89.0,89.0,90.0,90.0,90.0,90.0,90.0,,,,,,
Syrian Arab Republic,43,41,45,72,80.0,80.0,79.0,80.0,80.0,80.0,81.0,83.0,84.0,82.0,84.0,86.0,87.0,87.0,88.0,89.0,89.0,90.0,89.0,89.0,91.0,94.0,59.0,42.0,86.0,29.0,25.0,21.0,15.0,14.0,13.0
Tajikistan,97,96,94,96,93.0,93.0,86.0,86.0,83.0,84.0,86.0,85.0,85.0,85.0,83.0,82.0,79.0,81.0,75.0,80.0,81.0,64.0,72.0,,,,,,,,,,,,
Thailand,99,99,99,99,99.0,99.0,99.0,98.0,98.0,98.0,98.0,98.0,96.0,96.0,97.0,97.0,96.0,95.0,94.0,96.0,93.0,89.0,85.0,90.0,92.0,84.0,80.0,75.0,66.0,62.0,53.0,49.0,49.0,52.0,49.0
The former Yugoslav republic of Macedonia,95,98,95,96,95.0,96.0,95.0,95.0,93.0,97.0,94.0,96.0,96.0,91.0,95.0,95.0,94.0,97.0,93.0,95.0,88.0,90.0,,,,,,,,,,,,,
Timor-Leste,77,82,83,67,72.0,72.0,79.0,70.0,63.0,55.0,57.0,55.0,54.0,,,,,,,,,,,,,,,,,,,,,,
Togo,87,84,84,85,83.0,78.0,81.0,82.0,84.0,82.0,71.0,72.0,59.0,50.0,64.0,57.0,42.0,42.0,50.0,58.0,62.0,66.0,69.0,73.0,77.0,72.0,54.0,61.0,37.0,24.0,11.0,18.0,14.0,9.0,
Tonga,82,82,77,82,82.0,84.0,86.0,87.0,88.0,89.0,90.0,90.0,84.0,89.0,91.0,91.0,96.0,96.0,99.0,95.0,89.0,96.0,99.0,88.0,94.0,93.0,92.0,99.0,75.0,92.0,51.0,63.0,52.0,37.0,40.0
Trinidad and Tobago,92,92,92,90,90.0,90.0,90.0,88.0,92.0,95.0,94.0,91.0,96.0,91.0,90.0,90.0,91.0,90.0,89.0,89.0,85.0,81.0,87.0,82.0,82.0,77.0,82.0,79.0,70.0,75.0,65.0,60.0,54.0,62.0,26.0
Tunisia,98,98,97,98,98.0,99.0,99.0,98.0,99.0,98.0,97.0,95.0,96.0,98.0,97.0,99.0,96.0,96.0,95.0,94.0,93.0,94.0,95.0,93.0,93.0,93.0,91.0,84.0,72.0,70.0,66.0,62.0,,,
Turkey,96,98,97,97,97.0,96.0,96.0,96.0,90.0,90.0,85.0,68.0,78.0,88.0,85.0,79.0,81.0,79.0,72.0,67.0,87.0,76.0,77.0,72.0,84.0,79.0,86.0,86.0,45.0,55.0,56.0,56.0,58.0,64.0,42.0
Turkmenistan,98,98,97,97,96.0,96.0,96.0,98.0,98.0,99.0,97.0,83.0,98.0,95.0,97.0,98.0,99.0,98.0,97.0,93.0,90.0,73.0,84.0,,,,,,,,,,,,
Tuvalu,90,90,97,96,89.0,88.0,99.0,97.0,97.0,93.0,98.0,93.0,98.0,96.0,82.0,83.0,94.0,77.0,97.0,87.0,99.0,80.0,70.0,74.0,99.0,85.0,89.0,59.0,73.0,52.0,37.0,79.0,72.0,49.0,36.0
Uganda,78,78,78,82,80.0,79.0,71.0,73.0,64.0,64.0,62.0,59.0,57.0,55.0,52.0,50.0,48.0,56.0,57.0,59.0,60.0,56.0,53.0,49.0,45.0,42.0,38.0,30.0,21.0,14.0,14.0,14.0,12.0,9.0,
Ukraine,76,76,76,50,52.0,71.0,90.0,98.0,98.0,96.0,99.0,97.0,99.0,99.0,99.0,99.0,98.0,99.0,99.0,98.0,97.0,93.0,88.0,,,,,,,,,,,,
United Arab Emirates,94,94,94,94,94.0,93.0,92.0,92.0,92.0,94.0,94.0,94.0,94.0,94.0,94.0,94.0,94.0,92.0,90.0,90.0,90.0,90.0,86.0,85.0,85.0,84.0,82.0,80.0,78.0,76.0,59.0,50.0,43.0,45.0,11.0
United Kingdom of Great Britain and Northern Ireland,95,95,95,95,94.0,93.0,92.0,92.0,92.0,91.0,92.0,91.0,91.0,91.0,91.0,92.0,91.0,92.0,94.0,94.0,93.0,93.0,92.0,88.0,84.0,78.0,75.0,73.0,67.0,65.0,65.0,59.0,53.0,46.0,41.0
United Republic of Tanzania,97,91,92,90,91.0,85.0,86.0,83.0,90.0,90.0,95.0,95.0,89.0,87.0,79.0,76.0,79.0,79.0,82.0,81.0,84.0,83.0,83.0,81.0,78.0,77.0,85.0,79.0,74.0,67.0,58.0,52.0,50.0,55.0,59.0
United States of America,94,94,96,95,95.0,95.0,96.0,95.0,96.0,96.0,96.0,96.0,94.0,94.0,94.0,96.0,96.0,96.0,95.0,95.0,94.0,88.0,83.0,86.0,90.0,94.0,97.0,97.0,97.0,96.0,97.0,97.0,96.0,96.0,96.0
Uruguay,95,94,95,95,95.0,95.0,94.0,94.0,95.0,96.0,94.0,91.0,95.0,94.0,90.0,93.0,91.0,91.0,91.0,91.0,91.0,92.0,93.0,96.0,97.0,88.0,82.0,85.0,70.0,63.0,62.0,73.0,67.0,57.0,53.0
Uzbekistan,99,99,99,99,99.0,98.0,98.0,96.0,96.0,99.0,99.0,98.0,99.0,99.0,99.0,99.0,99.0,96.0,95.0,87.0,67.0,45.0,90.0,,,,,,,,,,,,
Vanuatu,64,64,64,65,65.0,66.0,67.0,67.0,68.0,68.0,69.0,69.0,70.0,70.0,71.0,71.0,72.0,72.0,67.0,73.0,74.0,86.0,77.0,83.0,76.0,61.0,58.0,56.0,31.0,30.0,28.0,27.0,22.0,,
Venezuela (Bolivarian Republic of),78,82,81,78,78.0,84.0,50.0,62.0,71.0,87.0,86.0,68.0,65.0,70.0,77.0,76.0,39.0,60.0,57.0,68.0,63.0,67.0,67.0,64.0,63.0,57.0,56.0,57.0,58.0,49.0,33.0,58.0,53.0,54.0,56.0
Viet Nam,95,59,97,95,93.0,96.0,93.0,92.0,94.0,95.0,96.0,99.0,75.0,96.0,96.0,93.0,94.0,95.0,94.0,93.0,94.0,91.0,88.0,88.0,88.0,88.0,70.0,50.0,43.0,42.0,5.0,4.0,,,
Yemen,88,88,82,81,87.0,86.0,87.0,87.0,85.0,85.0,78.0,66.0,69.0,76.0,76.0,72.0,68.0,40.0,47.0,44.0,33.0,54.0,50.0,47.0,84.0,56.0,36.0,18.0,13.0,12.0,7.0,5.0,4.0,3.0,1.0
Zambia,86,79,78,81,83.0,94.0,87.0,80.0,81.0,82.0,83.0,83.0,84.0,85.0,85.0,84.0,84.0,83.0,84.0,86.0,90.0,86.0,83.0,79.0,91.0,83.0,83.0,83.0,66.0,66.0,59.0,49.0,,,
Zimbabwe,91,95,95,93,89.0,73.0,75.0,73.0,70.0,68.0,65.0,68.0,71.0,75.0,78.0,81.0,84.0,86.0,90.0,88.0,87.0,85.0,86.0,87.0,88.0,87.0,85.0,84.0,75.0,63.0,60.0,53.0,46.0,39.0,
