year,avh,BCG,ccon,cda,cgdpe,cgdpo,ck,cor_exp,csh_c,csh_g,csh_i,csh_m,csh_r,csh_x,ctfp,cwtfp,delta,DTP3,emp,expend,hc,HepB3,Hib3,i_cig,i_outlier,i_xm,i_xr,labsh,MCV,PAB,pl_c,pl_con,pl_da,pl_g,pl_gdpo,pl_i,pl_k,pl_m,pl_x,Pol3,pop,rconna,rdana,rgdpe,rgdpna,rgdpo,rkna,rtfpna,rwtfpna,sani,statcap,water,xr,country
950,NA,NA,NA,NA,NA,NA,NA,NA,NA,NA,NA,NA,NA,NA,NA,NA,NA,NA,NA,NA,NA,NA,NA,NA,NA,NA,NA,NA,NA,NA,NA,NA,NA,NA,NA,NA,NA,NA,NA,NA,NA,NA,NA,NA,NA,NA,NA,NA,NA,NA,NA,NA,NA,ZWE
951,NA,NA,NA,NA,NA,NA,NA,NA,NA,NA,NA,NA,NA,NA,NA,NA,NA,NA,NA,NA,NA,NA,NA,NA,NA,NA,NA,NA,NA,NA,NA,NA,NA,NA,NA,NA,NA,NA,NA,NA,NA,NA,NA,NA,NA,NA,NA,NA,NA,NA,NA,NA,NA,ZWE
952,NA,NA,NA,NA,NA,NA,NA,NA,NA,NA,NA,NA,NA,NA,NA,NA,NA,NA,NA,NA,NA,NA,NA,NA,NA,NA,NA,NA,NA,NA,NA,NA,NA,NA,NA,NA,NA,NA,NA,NA,NA,NA,NA,NA,NA,NA,NA,NA,NA,NA,NA,NA,NA,ZWE
953,NA,NA,NA,NA,NA,NA,NA,NA,NA,NA,NA,NA,NA,NA,NA,NA,NA,NA,NA,NA,NA,NA,NA,NA,NA,NA,NA,NA,NA,NA,NA,NA,NA,NA,NA,NA,NA,NA,NA,NA,NA,NA,NA,NA,NA,NA,NA,NA,NA,NA,NA,NA,NA,ZWE
954,NA,NA,4266.6171875,5489.015625,4909.1748046875,4909.17626953125,11352.6806640625,NA,0.696008563041687,0.173102080821991,0.249002814292908,-5.79095740249613e-06,-0.118118517100811,1.08782196548418e-05,NA,NA,0.0395769253373146,NA,NA,NA,1.1799898147583,NA,NA,Extrapolated,Regular,Extrapolated,Market,0.678181707859039,NA,NA,0.136814111973395,0.132746666669846,0.131250008940697,0.116392279493011,0.131249964237213,0.126026126534893,0.147564798593521,0.0866520032286644,0.10367688536644,NA,3.12241893731109,1951.19128417969,2416.33349609375,5200.27392578125,2879.5703125,4935.70849609375,72685.4375,NA,NA,NA,NA,NA,1.0,ZWE
955,NA,NA,4492.791015625,6123.74560546875,5043.5009765625,5043.50537109375,11060.876953125,NA,0.733764886856079,0.15704233944416,0.323377221822739,-6.53157530905446e-06,-0.214189112186432,1.1211724995519e-05,NA,NA,0.0379790179431438,NA,NA,NA,1.18866145610809,NA,NA,Extrapolated,Regular,Extrapolated,Market,0.678181707859039,NA,NA,0.138988537014112,0.135657981038094,0.135287016630173,0.120096255798613,0.135286897420883,0.134265154940746,0.156168654561043,0.0888727605342865,0.094698041677475,NA,3.21847630759467,2066.8955078125,2711.36157226562,5369.748046875,3101.4033203125,5096.5634765625,71114.3203125,NA,NA,NA,NA,NA,0.999719997979031,ZWE
956,NA,NA,4857.0810546875,6809.41748046875,5513.20166015625,5513.2109375,11083.466796875,NA,0.71877110004425,0.162218451499939,0.354119688272476,-6.3588731791242e-06,-0.235114216804504,1.13327159851906e-05,NA,NA,0.0366922430694103,NA,NA,NA,1.19926202297211,NA,NA,Extrapolated,Regular,Extrapolated,Market,0.678181707859039,NA,NA,0.146495639532128,0.142453253269196,0.140512615442276,0.124541907446863,0.140512391924858,0.135684667271722,0.157209739089012,0.0925430655479431,0.0880409777164459,NA,3.33245059932528,2249.33740234375,3015.79565429687,5879.59228515625,3444.0712890625,5580.4736328125,69953.953125,NA,NA,NA,NA,NA,0.999859998989515,ZWE
957,NA,NA,5215.1669921875,7191.96240234375,6090.47705078125,6090.48388671875,10949.583984375,NA,0.704139709472656,0.152141511440277,0.324571132659912,-5.93857885178295e-06,-0.180857077240944,1.06434499684838e-05,NA,NA,0.0356065295636654,NA,NA,NA,1.20995700359344,NA,NA,Extrapolated,Regular,Extrapolated,Market,0.678181707859039,NA,NA,0.150810334439963,0.14829808473587,0.145685166120529,0.13667090697043,0.145685002207756,0.138791775465083,0.162398472428322,0.094084233045578,0.0984344854950905,NA,3.44253439041152,2425.3359375,3186.46313476562,6485.6845703125,3745.55883789062,6155.7294921875,68927.8359375,NA,NA,NA,NA,NA,0.999859998989515,ZWE
958,NA,NA,5445.1767578125,7427.1181640625,6108.466796875,6108.4755859375,10613.56640625,NA,0.72471296787262,0.166700422763824,0.32445764541626,-5.72126145925722e-06,-0.215875536203384,1.01883233583067e-05,NA,NA,0.0346722155809402,NA,NA,NA,1.22074735164642,NA,NA,Extrapolated,Regular,Extrapolated,Market,0.678181707859039,NA,NA,0.155778678912805,0.15284675359726,0.15027379989624,0.140100469730189,0.150273576378822,0.143204888774402,0.172134965658188,0.101558297872543,0.0972256064414978,NA,3.55376637889344,2531.60083007812,3283.83544921875,6488.1640625,3825.41381835937,6158.0849609375,68004.0859375,NA,NA,NA,NA,NA,0.999859998989515,ZWE
959,NA,NA,5687.89453125,7209.001953125,6879.83251953125,6879.83837890625,10370.505859375,NA,0.65740954875946,0.169338703155518,0.221096366643906,-4.67522659164388e-06,-0.0478502959012985,1.03477414086228e-05,NA,NA,0.0337595976889133,NA,NA,NA,1.23163402080536,NA,NA,Extrapolated,Regular,Extrapolated,Market,0.678181707859039,NA,NA,0.160225752038941,0.157004848122597,0.153498440980911,0.144500636153975,0.153498321771622,0.140386922315143,0.169876009225845,0.101245887577534,0.11693225055933,NA,3.66969312390971,2657.62475585937,3214.43286132812,7348.38525390625,4036.3369140625,6974.53857421875,66819.6328125,NA,NA,NA,NA,NA,0.999859998989515,ZWE
960,NA,NA,5760.048828125,7275.55126953125,7334.294921875,7334.29443359375,9915.765625,NA,0.635696947574615,0.149661302566528,0.206632375717163,-4.95380936627043e-06,0.00800424348562956,1.00693505373783e-05,NA,NA,0.0329921543598175,NA,NA,NA,1.24261772632599,NA,NA,Extrapolated,Regular,Extrapolated,Market,0.678181707859039,NA,NA,0.162093678389855,0.160073757171631,0.157191440463066,0.151493973416593,0.157191455364227,0.146236485982592,0.178355723619461,0.086262434720993,0.123129837214947,NA,3.78674915854254,2663.24584960937,3230.6689453125,7796.35009765625,4178.89111328125,7399.71240234375,65757.7109375,NA,NA,NA,NA,NA,1.0,ZWE
961,NA,NA,6117.283203125,7588.77880859375,7779.880859375,7779.880859375,9734.1640625,NA,0.627692639827728,0.158602595329285,0.189141124486923,-4.60274077340728e-06,0.0245579686015844,1.02618978417013e-05,NA,NA,0.0323501564562321,NA,NA,NA,1.25463557243347,NA,NA,Extrapolated,Regular,Extrapolated,Market,0.678181707859039,NA,NA,0.161938037122322,0.160438179969788,0.159171938896179,0.154502310391904,0.159171938896179,0.153907936345763,0.180363208055496,0.0953574925661087,0.130892768502235,NA,3.90871288731731,2786.57177734375,3360.3515625,8247.3115234375,4434.27978515625,7827.7333984375,64797.09765625,NA,NA,NA,NA,NA,1.0,ZWE
962,NA,NA,6210.341796875,7240.15283203125,7722.291015625,7722.2978515625,9512.794921875,NA,0.640424966812134,0.163784056901932,0.133355498313904,-3.84907343686791e-06,0.0624285787343979,1.0717257282522e-05,NA,NA,0.0316102355718613,NA,NA,NA,1.26676952838898,NA,NA,Extrapolated,Regular,Extrapolated,Market,0.678181707859039,NA,NA,0.164234375966607,0.163266554474831,0.164845049381256,0.159482195768787,0.164844900369644,0.174364234363769,0.201134353876114,0.108314692974091,0.132025390863419,NA,4.03863994239365,2819.2509765625,3205.37353515625,8189.9765625,4529.607421875,7773.3212890625,63564.55859375,NA,NA,NA,NA,NA,1.0,ZWE
963,NA,NA,6291.595703125,7212.41943359375,7878.59619140625,7878.6044921875,9161.0146484375,NA,0.630053281784058,0.168513968586922,0.116876527667046,-3.55857605427445e-06,0.0845491513609886,1.06116185634164e-05,NA,NA,0.030957818031311,NA,NA,NA,1.27902090549469,NA,NA,Extrapolated,Regular,Extrapolated,Market,0.678181707859039,NA,NA,0.170296603102514,0.169861629605293,0.167239755392075,0.168235318950463,0.16723957657814,0.149325581673847,0.176711469888687,0.107002936303616,0.131571471691132,NA,4.16579880857134,2869.10546875,3203.7763671875,8378.9541015625,4606.53564453125,7952.68408203125,62321.22265625,NA,NA,NA,NA,NA,1.0,ZWE
964,NA,NA,6136.08544921875,7062.705078125,7624.3994140625,7627.439453125,8775.3310546875,NA,0.65005886554718,0.154416292905807,0.121485024690628,-0.00798327103257179,0.0700656771659851,0.0119574619457126,NA,NA,0.0303934849798679,NA,NA,NA,1.29139077663422,NA,NA,Extrapolated,Regular,Extrapolated,Market,0.678181707859039,NA,NA,0.184240138396091,0.183633014559746,0.180383637547493,0.181077176580315,0.180311754345894,0.158866296726865,0.19363933801651,0.139542326331139,0.147525101900101,NA,4.28366089983502,2811.36694335937,3146.96313476562,8132.0478515625,4743.76611328125,7721.35546875,61158.3046875,NA,NA,NA,NA,NA,1.0,ZWE
965,NA,NA,6557.67724609375,7702.0849609375,8412.9697265625,8403.0615234375,8654.4794921875,NA,0.618987679481506,0.161403730511665,0.136189386248589,-0.128328636288643,0.0447356626391411,0.167012155056,NA,NA,0.0300606600940228,NA,NA,NA,1.30388033390045,NA,NA,Extrapolated,Regular,Extrapolated,Market,0.678181707859039,NA,NA,0.18124609466397,0.177408009767532,0.17499153316021,0.162688885086657,0.175197884440422,0.161144656094788,0.195087477564812,0.148146227002144,0.155544325709343,NA,4.4233974907874,2996.33935546875,3419.29321289062,8965.748046875,5091.736328125,8504.919921875,60251.1875,NA,NA,NA,NA,NA,1.0,ZWE
966,NA,NA,6486.6455078125,7752.5244140625,8081.51611328125,8273.8603515625,8605.03125,NA,0.607114911079407,0.176877677440643,0.152997404336929,-0.0540010556578636,-0.0324267745018005,0.149437814950943,NA,NA,0.0297320578247309,NA,NA,NA,1.31487667560577,NA,NA,Extrapolated,Regular,Extrapolated,Market,0.678181707859039,NA,NA,0.178373865966473,0.173664018511772,0.170764178037643,0.157497941709152,0.166794389486313,0.155904784055979,0.186689749360085,0.157785221934319,0.138647824525833,NA,4.56540886764074,2948.59448242187,3423.5185546875,8593.537109375,5079.08056640625,8336.8330078125,59500.00390625,NA,NA,NA,NA,NA,1.0,ZWE
967,NA,NA,6596.64501953125,8179.1953125,8289.5498046875,8409.7431640625,8577.2197265625,NA,0.592538833618164,0.19186620414257,0.188180595636368,-0.039891391992569,-0.0118478927761316,0.0791536122560501,NA,NA,0.0295199416577816,NA,NA,NA,1.32596564292908,NA,NA,Extrapolated,Regular,Extrapolated,Market,0.678181707859039,NA,NA,0.189844392270578,0.180884823203087,0.176542162895203,0.153215033018918,0.174019008874893,0.158440430194819,0.18689626455307,0.161346673965454,0.136629492044449,NA,4.71622136548429,2965.5966796875,3572.43994140625,8770.171875,5088.92822265625,8436.7080078125,59070.796875,NA,NA,NA,NA,NA,1.0,ZWE
968,NA,NA,6063.19091796875,8007.75244140625,7808.10107421875,7818.41796875,8583.1787109375,NA,0.555132746696472,0.220368251204491,0.248715460300446,-0.0308925732970238,-0.0156740918755531,0.0223502144217491,NA,NA,0.0295270662754774,NA,NA,NA,1.33714818954468,NA,NA,Extrapolated,Regular,Extrapolated,Market,0.678181707859039,NA,NA,0.217604653124845,0.200275927782059,0.191842719912529,0.156622896437448,0.191589564085007,0.165547753659544,0.193622946739197,0.163436532020569,0.141075491905212,NA,4.8827475783234,2686.09643554687,3434.24829101562,8237.875,4483.6748046875,7820.58251953125,58984.0703125,NA,NA,NA,NA,NA,1.0,ZWE
969,NA,NA,7615.19921875,9379.2021484375,9825.15234375,9843.4853515625,8654.455078125,NA,0.593684732913971,0.1799436211586,0.17920508980751,-0.00717445556074381,0.0422354154288769,0.0121055375784636,NA,NA,0.0295939669013023,NA,NA,NA,1.34842503070831,NA,NA,Extrapolated,Regular,Extrapolated,Market,0.678181707859039,NA,NA,0.205897347128536,0.196446135640144,0.191924631595612,0.165263947264509,0.191567182540894,0.172405234170976,0.201034992933273,0.170924931764603,0.151199206709862,NA,5.05361672794985,3431.642578125,4105.48193359375,10371.7666015625,6005.0439453125,9850.744140625,58730.11328125,NA,NA,NA,NA,NA,1.0,ZWE
970,NA,NA,9343.4365234375,11493.0537109375,11979.779296875,12007.9853515625,8695.998046875,NA,0.600551664829254,0.17755027115345,0.179015621542931,-0.00690775783732533,0.0183754228055477,0.0314147770404816,NA,NA,0.0298494249582291,NA,NA,NA,1.35979700088501,NA,NA,Extrapolated,Regular,Extrapolated,Market,0.678181707859039,NA,NA,0.176733989667544,0.169578820466995,0.168827012181282,0.145376960747423,0.168430462479591,0.165559251217355,0.194322541356087,0.17477160692215,0.157742723822594,NA,5.206311,4227.2216796875,5038.39306640625,12648.1796875,7353.0224609375,12017.03125,58787.72265625,NA,NA,NA,NA,NA,1.0,ZWE
971,NA,NA,10279.9677734375,12865.1591796875,13064.4306640625,13081.8583984375,8857.7783203125,NA,0.605400323867798,0.180418267846107,0.197616517543793,-0.00630806619301438,-1.56967944349162e-05,0.0228886753320694,NA,NA,0.030426099896431,NA,NA,NA,1.38181817531586,NA,NA,Extrapolated,Regular,Extrapolated,Market,0.681564569473267,NA,NA,0.188008295998382,0.179161891341209,0.179007887840271,0.149477417211355,0.178769409656525,0.178395506755646,0.205553710460663,0.189732983708382,0.171544656157494,NA,5.385342,4670.9990234375,5645.44921875,13805.3623046875,7998.51708984375,13108.486328125,59158.3984375,NA,NA,NA,NA,NA,1.0,ZWE
972,NA,NA,10992.3564453125,13764.9248046875,14632.6962890625,14646.330078125,9186.6455078125,NA,0.576077938079834,0.174441546201706,0.189301207661629,-0.00476939370855689,0.0436763092875481,0.0212723966687918,NA,NA,0.0297389477491379,NA,NA,NA,1.40419590473175,NA,NA,Extrapolated,Regular,Extrapolated,Market,0.672557353973389,NA,NA,0.207902138514591,0.197728872299194,0.197371602058411,0.164132560113384,0.197187870740891,0.195955115136696,0.246360391378403,0.217267081141472,0.193572700023651,NA,5.573312,5012.1123046875,6052.89453125,15491.1953125,8674.8828125,14703.453125,59631.03515625,NA,NA,NA,NA,NA,1.0,ZWE
973,NA,NA,11247.400390625,14498.69140625,15249.7314453125,15262.55859375,9366.41015625,NA,0.554691255092621,0.182236313819885,0.213024005293846,-0.00395505642518401,0.036837562918663,0.0171658750623465,NA,NA,0.0323078483343124,NA,NA,NA,1.42693603038788,NA,NA,Extrapolated,Regular,Extrapolated,Market,0.663169264793396,NA,NA,0.248253405934215,0.234902188181877,0.232939749956131,0.194263748920395,0.232743978500366,0.22615092179672,0.2714803814888,0.253013849258423,0.226580500602722,NA,5.768382,5159.453125,6387.51220703125,16218.02734375,8935.88671875,15383.1875,60557.51171875,NA,NA,NA,NA,NA,1.0,ZWE
974,NA,NA,11939.068359375,16517.390625,16905.939453125,16922.4921875,10062.7841796875,NA,0.520087063312531,0.185427725315094,0.270546585321426,-0.00475407624617219,0.00792732182890177,0.0207653883844614,NA,NA,0.0317133665084839,NA,NA,NA,1.45004451274872,NA,NA,Extrapolated,Regular,Extrapolated,Market,0.655622065067291,NA,NA,0.268566726721203,0.253776490688324,0.252837836742401,0.212292901786681,0.252590507268906,0.250389982485369,0.304046332836151,0.251420676708221,0.240698605775833,NA,5.967861,5458.80078125,7188.2919921875,17831.1796875,9160.4072265625,16894.771484375,61867.6328125,NA,NA,NA,NA,NA,1.0,ZWE
975,NA,NA,12204.9423828125,16301.1650390625,16540.4296875,16590.361328125,10413.5869140625,NA,0.530820667743683,0.204843983054161,0.246903762221336,-0.00454765884205699,-0.00847003050148487,0.0304493121802807,NA,NA,0.0323518998920918,NA,NA,NA,1.47352707386017,NA,NA,Extrapolated,Regular,Extrapolated,Market,0.6899374127388,NA,NA,0.300157861068894,0.281223803758621,0.283678501844406,0.232159164985116,0.282824695110321,0.290992481122939,0.350779980421066,0.257358431816101,0.251470267772675,NA,6.170284,5558.5439453125,7028.17529296875,17326.470703125,9244.6015625,16461.08203125,62881.71484375,NA,NA,NA,NA,NA,1.0,ZWE
976,NA,NA,12655.8427734375,15578.6259765625,16490.4296875,16490.125,10439.033203125,NA,0.536580204963684,0.230899855494499,0.177244454622269,-0.00206590117886662,0.042666133493185,0.0146751860156655,NA,NA,0.0337401814758778,NA,NA,NA,1.48713040351868,NA,NA,Extrapolated,Regular,Extrapolated,Market,0.699283182621002,NA,NA,0.301027619205348,0.281281709671021,0.281211584806442,0.235394878251882,0.28121680021286,0.280908005330333,0.353646397590637,0.29756098985672,0.283852219581604,NA,6.373956,5755.28564453125,6715.35888671875,17361.068359375,9171.6328125,16443.564453125,63254.02734375,NA,NA,NA,NA,NA,1.0,ZWE
977,NA,NA,11969.1689453125,14315.22265625,14765.2744140625,14779.3095703125,10530.1123046875,NA,0.532727718353271,0.27713206410408,0.158739030361176,-0.00195961259305477,0.0180623233318329,0.0152984708547592,NA,NA,0.0341683588922024,NA,NA,NA,1.50085926055908,NA,NA,Extrapolated,Regular,Extrapolated,Market,0.732079803943634,NA,NA,0.334209829079638,0.309089541435242,0.317194759845734,0.260801135428649,0.316893517971039,0.35854617555242,0.391724526882172,0.309822738170624,0.296916216611862,NA,6.580739,5375.82177734375,6113.76611328125,15555.6533203125,8599.107421875,14749.6591796875,63015.5625,NA,NA,NA,NA,NA,1.0,ZWE
978,NA,NA,14223.1220703125,15675.322265625,16243.3125,16242.6435546875,10641.171875,NA,0.521980285644531,0.353685200214386,0.0894066542387009,-0.00115238910075277,0.0336451046168804,0.00243518082424998,NA,NA,0.0346413180232048,NA,NA,NA,1.51471495628357,NA,NA,Extrapolated,Regular,Extrapolated,Market,0.709299504756927,NA,NA,0.332799159504816,0.281035780906677,0.288467794656754,0.204641699066397,0.288479655981064,0.361258072172317,0.394123584032059,0.310666114091873,0.30368784070015,NA,6.796946,6267.8681640625,6489.66796875,17150.83984375,8413.87890625,16250.1025390625,62416.765625,NA,NA,NA,NA,NA,1.0,ZWE
979,NA,NA,15453.900390625,17021.50390625,17049.669921875,17046.802734375,10803.0283203125,NA,0.562484920024872,0.344072163105011,0.0919587910175323,-0.00117596809286624,0.000658990407828242,0.00200108555145562,NA,NA,0.0340464524924755,NA,NA,NA,1.52869844436646,NA,NA,Extrapolated,Regular,Extrapolated,Market,0.681626498699188,NA,NA,0.364859607518396,0.316205650568008,0.326023757457733,0.236666735308264,0.326078593730927,0.422813538492426,0.447513222694397,0.422617524862289,0.410176873207092,NA,7.031159,6873.650390625,7113.4716796875,18017.482421875,8733.8193359375,17068.169921875,61838.66015625,NA,NA,NA,NA,NA,1.0,ZWE
980,NA,NA,16103.5986328125,18694.59765625,18190.11328125,18124.984375,11040.94921875,0.548869038564853,0.528924942016602,0.359550207853317,0.142951741814613,-0.0219277013093233,-0.0581448897719383,0.0486457087099552,0.687908887863159,0.716510474681854,0.0332587100565434,NA,2.42326617240906,NA,1.54281103610992,NA,NA,Benchmark,Regular,Extrapolated,Market,0.697569072246552,NA,NA,0.441778319864945,0.377600431442261,0.392942041158676,0.283190011919216,0.39435401558876,0.488293533294068,0.533380270004272,0.444520771503448,0.446904599666595,NA,7.289083,7027.708984375,7795.89111328125,19072.029296875,9657.1572265625,18002.82421875,61610.01171875,1.1598334312439,0.668317437171936,NA,NA,NA,1.0,ZWE
981,NA,64.0,19873.962890625,23594.517578125,22283.943359375,22204.4453125,11261.435546875,NA,0.549396991729736,0.34564733505249,0.167558968067169,-0.0451031289994717,-0.0822205320000648,0.0647203996777534,0.806310832500458,0.861534833908081,0.0326705910265446,39.0,2.53912377357483,NA,1.57437610626221,NA,NA,Interpolated,Regular,Extrapolated,Market,0.701206564903259,56.0,NA,0.433805744656728,0.364016056060791,0.385902345180511,0.253087294200524,0.387283980846405,0.502811651020489,0.595142066478729,0.413295209407806,0.428094983100891,38.0,7.571965,8236.072265625,9535.7431640625,23272.087890625,10866.7568359375,22006.220703125,62004.5390625,1.25114238262177,0.783667862415314,NA,NA,NA,1.0,ZWE
982,NA,65.0,21815.083984375,24966.111328125,23644.8125,23591.732421875,11521.2041015625,NA,0.556398153305054,0.368293732404709,0.133564874529839,-0.0517904125154018,-0.0720971077680588,0.0656307265162468,0.818560063838959,0.864805817604065,0.0322719477117062,46.0,2.64577126502991,NA,1.60658693313599,NA,NA,Interpolated,Regular,Extrapolated,Market,0.712388575077057,58.0,NA,0.417066882301426,0.35992556810379,0.387675911188126,0.273599613405831,0.388548195362091,0.579796162140922,0.618461012840271,0.384604007005692,0.399500757455826,46.0,7.876414,8422.3515625,9421.7255859375,24571.908203125,11153.01953125,23280.40625,62560.4375,1.23279845714569,0.743362665176392,NA,NA,NA,1.0,ZWE
983,NA,67.0,26006.57421875,28237.173828125,27600.375,27483.052734375,11131.666015625,NA,0.615849673748016,0.330427080392838,0.0811627432703972,-0.0438133291900158,-0.0465457402169704,0.0629195347428322,1.00990378856659,1.02275466918945,0.0340999774634838,53.0,2.76157331466675,NA,1.63945686817169,NA,NA,Interpolated,Regular,Extrapolated,Market,0.649969935417175,60.0,NA,0.311448273778138,0.279988378286362,0.301950126886368,0.221353473893526,0.303239166736603,0.558002483245672,0.573757767677307,0.34914094209671,0.356251180171967,53.0,8.197564,9546.462890625,9930.9716796875,28736.375,11329.8291015625,27153.548828125,62998.79296875,1.1930685043335,0.746456444263458,NA,NA,NA,1.0,ZWE
984,NA,69.0,23950.05078125,26317.63671875,26274.947265625,26168.130859375,11034.8974609375,NA,0.543182492256165,0.372054815292358,0.0904759168624878,-0.0956444442272186,-0.010794579051435,0.100725762546062,0.815943717956543,0.7970130443573,0.0363205745816231,60.0,2.87988758087158,NA,1.67299914360046,NA,NA,Interpolated,Regular,Benchmark,Market,0.70793890953064,62.0,31.0,0.260987679994141,0.234469756484032,0.259501606225967,0.195754845347239,0.260560870170593,0.512719117217821,0.529525637626648,0.383326172828674,0.387709528207779,61.0,8.528328,8053.35888671875,8748.73046875,27469.474609375,11113.728515625,25944.5625,62902.96484375,1.11525332927704,0.626656413078308,NA,NA,NA,1.0,ZWE
985,NA,76.0,26389.4296875,29033.142578125,29027.83203125,28634.1171875,10921.0673828125,0.517150796744731,0.566053748130798,0.355554223060608,0.092327393591404,-0.0876207649707794,-0.0120542319491506,0.0857396498322487,0.916364371776581,0.8984454870224,0.0375048406422138,63.0,3.01858901977539,NA,1.70722782611847,NA,NA,Benchmark,Regular,Benchmark,Market,0.657809615135193,78.0,44.0,0.264289729848354,0.238165184855461,0.260019987821579,0.196574069607374,0.263595223426819,0.478173607728276,0.468533486127853,0.357355535030365,0.401692599058151,63.0,8.862601,8190.236328125,9088.2919921875,30168.53515625,11885.515625,28209.712890625,62629.98828125,1.13871610164642,0.621513247489929,NA,NA,NA,1.0,ZWE
986,NA,94.0,26957.40234375,29886.640625,30472.546875,30118.439453125,11766.9326171875,NA,0.525651097297668,0.369395345449448,0.0972573310136795,-0.0800197720527649,0.0110613014549017,0.0766546651721001,0.965055704116821,0.925442934036255,0.0378615371882915,75.0,3.14919185638428,NA,1.72631478309631,NA,NA,Interpolated,Regular,Benchmark,Market,0.613769888877869,83.0,56.0,0.283996203118429,0.250482469797134,0.273153841495514,0.202792325456535,0.276365399360657,0.48179548779999,0.473266839981079,0.408810764551163,0.456198632717133,82.0,9.198874,8086.9892578125,9066.357421875,31386.482421875,12138.53125,29521.341796875,62501.4921875,1.13255107402802,0.603802919387817,NA,NA,NA,1.0,ZWE
987,NA,94.0,27570.9609375,30282.75390625,30629.87109375,29673.513671875,12631.6015625,NA,0.534029185771942,0.395114570856094,0.091387651860714,-0.0299435555934906,-0.0649801641702652,0.074392281472683,0.909364759922028,0.900066018104553,0.0379881709814072,84.0,3.28301000595093,NA,1.74512994289398,NA,NA,Interpolated,Regular,Benchmark,Market,0.594702064990997,88.0,55.0,0.308462660924868,0.277664005756378,0.294641822576523,0.236037173730818,0.304137915372849,0.467255882229534,0.482495903968811,0.461320132017136,0.497675120830536,86.0,9.535657,8104.87548828125,8884.208984375,31566.09375,12273.3349609375,29167.8125,62487.83984375,1.10846483707428,0.572728514671326,NA,NA,NA,1.0,ZWE
988,NA,89.0,32172.064453125,36107.046875,36108.109375,35165.3203125,13659.92578125,NA,0.471632212400436,0.443248271942139,0.111899472773075,-0.0244138035923243,-0.0628894791007042,0.060523334890604,1.00856280326843,1.01353418827057,0.0381740853190422,85.0,3.45929026603699,NA,1.76415002346039,NA,NA,Interpolated,Regular,Benchmark,Market,0.579475045204163,88.0,54.0,0.292278112529483,0.267997264862061,0.289728581905365,0.242161578318772,0.297496259212494,0.467401882092789,0.449850589036942,0.55127477645874,0.53164404630661,87.0,9.866776,9179.1064453125,10355.220703125,37194.31640625,13200.3671875,34544.3828125,62735.9609375,1.14150154590607,0.639176070690155,NA,NA,NA,1.0,ZWE
989,NA,90.0,36241.96875,39985.0390625,40773.38671875,39438.03515625,14775.408203125,NA,0.628583133220673,0.290376633405685,0.0949101448059082,-0.0289198067039251,-0.0512947961688042,0.0663446709513664,1.10857784748077,1.10775077342987,0.0387834645807743,87.0,3.63513612747192,NA,1.78337740898132,NA,NA,Interpolated,Regular,Benchmark,Market,0.551041305065155,87.0,54.0,0.265090276592243,0.256212830543518,0.271336823701859,0.236995677892575,0.280524134635925,0.417773565700022,0.402785927057266,0.567485392093658,0.546010732650757,88.0,10.184966,10362.2001953125,11269.638671875,41904.84765625,13888.90234375,38633.5625,62924.03125,1.15430545806885,0.668549418449402,NA,NA,NA,1.0,ZWE
990,NA,91.0,38779.8984375,43424.41015625,43494.51953125,44307.15625,16879.474609375,NA,0.622242748737335,0.25300857424736,0.104825295507908,-0.0760752111673355,0.0341197550296783,0.0618788525462151,1.11906635761261,1.08269381523132,0.0398631989955902,88.0,3.80832099914551,NA,1.80281448364258,NA,NA,Interpolated,Regular,Benchmark,Market,0.555796027183533,87.0,57.0,0.246866325987916,0.252752393484116,0.269867718219757,0.267228386466392,0.264918059110641,0.412774338717602,0.366765558719635,0.549444139003754,0.536324918270111,89.0,10.484771,10784.591796875,11975.2177734375,44684.94140625,14858.7958984375,43367.98828125,63964.390625,1.19402313232422,0.686883687973022,39.9,NA,79.4,1.0,ZWE
991,NA,91.0,45451.453125,51587.16015625,50750.90625,52871.5625,18842.73046875,NA,0.651693642139435,0.207964196801186,0.116049267351627,-0.0693217590451241,0.0511718802154064,0.042442761361599,1.2279577255249,1.19310283660889,0.0419456213712692,87.0,3.97733092308044,NA,1.84017670154572,NA,NA,Interpolated,Regular,Benchmark,Market,0.555796027183533,87.0,60.0,0.198781281057471,0.201666161417961,0.215800881385803,0.210706443334653,0.207145184278488,0.320506576430445,0.289085626602173,0.553888916969299,0.574497997760773,88.0,10.763036,12350.89453125,13794.2607421875,52277.5234375,15679.3681640625,51886.17578125,65699.1796875,1.20550143718719,0.757021605968475,39.9,NA,79.5,1.0,ZWE
992,NA,91.0,43954.265625,50075.21875,45389.6328125,48383.140625,21137.58203125,NA,0.578836798667908,0.329625606536865,0.12651002407074,-0.0909202769398689,0.0032580359838903,0.0526898168027401,1.00430464744568,1.03272712230682,0.0432038120925426,86.0,4.09558916091919,NA,1.87831318378448,NA,NA,Interpolated,Regular,Benchmark,Market,0.555796027183533,86.0,65.0,0.192199013176831,0.187601119279861,0.198976561427116,0.179527033484356,0.186665713787079,0.28066304951867,0.256603330373764,0.503134071826935,0.490936875343323,86.0,11.019717,11659.6240234375,12891.4716796875,46741.5234375,14576.7451171875,47425.3125,66871.890625,1.08480143547058,0.68479859828949,39.8,NA,79.6,1.0,ZWE
993,NA,95.0,40954.4375,47197.8515625,47277.4453125,48996.73046875,24590.0625,NA,0.611315310001373,0.224545314908028,0.127425134181976,-0.0746204778552055,0.058493934571743,0.0528407394886017,0.934269428253174,0.887290298938751,0.0443744957447052,85.0,4.18910789489746,NA,1.91723990440369,NA,NA,Interpolated,Regular,Benchmark,Market,0.555796027183533,86.0,68.0,0.17224917661489,0.16799820959568,0.185565620660782,0.156425147092023,0.179054155945778,0.300801060823805,0.215128794312477,0.497056990861893,0.509426712989807,85.0,11.256512,10701.228515625,11786.1494140625,48796.1328125,14884.3740234375,48196.55078125,68194.2578125,1.06665182113647,0.602885365486145,39.8,NA,79.6,1.0,ZWE
994,NA,95.0,41140.04296875,53062.76953125,52684.98046875,53814.64453125,29264.375,NA,0.515978455543518,0.248498305678368,0.221551731228828,-0.0774103850126266,0.02251211181283,0.0688697844743729,0.912369251251221,0.886575162410736,0.0456324890255928,87.0,4.42603015899658,NA,1.95697355270386,NA,NA,Interpolated,Regular,Benchmark,Market,0.555796027183533,87.0,69.0,0.187707395290611,0.175811529159546,0.175079122185707,0.151111115127351,0.171403899788857,0.172551935998131,0.169512346386909,0.538011789321899,0.53085595369339,87.0,11.476807,10322.3486328125,12935.041015625,54574.1015625,15747.806640625,53054.37109375,69533.1328125,1.06775522232056,0.626022815704346,39.7,NA,79.5,1.0,ZWE
995,NA,96.0,40227.4296875,51008.0703125,49868.89453125,52648.59375,36007.40234375,NA,0.544978976249695,0.219095125794411,0.204765990376472,-0.0922605395317078,0.0623504482209682,0.0610699765384197,0.799475848674774,0.765103340148926,0.0450577773153782,88.0,4.52557897567749,NA,1.99753057956696,1.0,NA,Interpolated,Regular,Benchmark,Market,0.555796027183533,87.0,42.0,0.181922017421264,0.185706868767738,0.191348284482956,0.195121324451077,0.181245625019073,0.212398932605535,0.163914814591408,0.547383368015289,0.574109852313995,88.0,11.683136,9797.12890625,11791.8076171875,51863.66015625,15773.384765625,52098.52734375,70849.6328125,1.03027963638306,0.549770355224609,39.6,NA,79.5,1.0,ZWE
996,NA,96.0,46141.296875,55930.16796875,56672.92578125,58614.38671875,44847.171875,0.644856186904187,0.618992269039154,0.168208569288254,0.167004555463791,-0.088492713868618,0.0724330022931099,0.06185432523489,0.790363013744354,0.744550466537476,0.0440274737775326,90.0,4.59625005722046,NA,2.01158380508423,9.0,NA,Benchmark,Regular,Benchmark,Market,0.555796027183533,88.0,75.0,0.185326930630279,0.200899198651314,0.205682396888733,0.25820374519833,0.198869660496712,0.228228699697074,0.194880127906799,0.542417466640472,0.585273027420044,90.0,11.877664,10719.4560546875,11994.0791015625,59206.39453125,17308.76171875,58316.11328125,70815.6171875,1.1180100440979,0.552990078926086,39.5,NA,79.5,1.0,ZWE
997,NA,92.0,41164.32421875,50669.10546875,48378.625,50173.41015625,28029.650390625,NA,0.681396305561066,0.139044687151909,0.18943864107132,-0.118341609835625,0.0330780148506165,0.0753839686512947,0.800271928310394,0.79814076423645,0.0431943871080875,86.0,4.64056396484375,NA,2.02573585510254,16.0,NA,Interpolated,Regular,Benchmark,Market,0.555796027183533,84.0,78.0,0.226219544855583,0.249662473797798,0.247883290052414,0.364545884786554,0.239016100764275,0.240177767056379,0.444253623485565,0.520794808864594,0.562577664852142,86.0,12.059858,11319.5830078125,12732.505859375,50638.125,17555.5546875,49910.55078125,70768.828125,1.11970639228821,0.579661130905151,39.5,NA,79.5,1.0,ZWE
998,NA,88.0,32939.31640625,43021.09375,43057.0546875,43260.0703125,20903.1796875,NA,0.61794513463974,0.143480256199837,0.233050405979156,-0.0683759823441505,0.00605275668203831,0.0678474456071854,0.742766141891479,0.725165843963623,0.0425416640937328,84.0,4.67987298965454,NA,2.03998756408691,24.0,NA,Interpolated,Regular,Benchmark,Market,0.555796027183533,79.0,74.0,0.182000368233613,0.198780953884125,0.195122197270393,0.271052133113906,0.194206476211548,0.18316819019936,0.236045345664024,0.549946427345276,0.539295732975006,84.0,12.226742,10741.4150390625,12627.7177734375,45291.72265625,17641.96875,43066.40234375,71725.859375,1.10494530200958,0.564532935619354,39.4,NA,79.4,1.0,ZWE
999,NA,86.0,29762.88671875,37732.921875,39261.984375,39953.9296875,16720.1328125,NA,0.617206931114197,0.127723231911659,0.199480682611465,-0.102513037621975,0.0688632503151894,0.0892389193177223,0.72965681552887,0.669707536697388,0.0426118671894073,81.0,4.71566772460937,NA,2.05433940887451,31.0,NA,Interpolated,Regular,Benchmark,Market,0.555796027183533,77.0,75.0,0.20697924725214,0.21922379732132,0.203385263681412,0.278394084675503,0.199862912297249,0.144238654967805,0.252137869596481,0.519102692604065,0.529312133789062,81.0,12.374019,11040.6962890625,12570.1142578125,41249.87890625,17007.35546875,39698.96875,72192.0,1.05144572257996,0.554702281951904,39.3,65.0,79.4,1.0,ZWE
000,NA,84.0,22026.150390625,34336.35546875,35127.45703125,32954.578125,14391.0263671875,NA,0.512065172195435,0.156313851475716,0.373550623655319,-0.0587728731334209,-0.0995893552899361,0.116432555019855,0.598303556442261,0.599010944366455,0.0442035049200058,78.0,4.96110200881958,140.08930363,2.06879234313965,79.0,NA,Interpolated,Regular,Benchmark,Market,0.555796027183533,75.0,76.0,0.268006136516235,0.288486987352371,0.214890390634537,0.355579713968609,0.22905932366848,0.0832070078011991,0.821989297866821,0.517961442470551,0.501686096191406,78.0,12.499981,9392.2900390625,11816.546875,36716.03125,15618.076171875,32574.720703125,74772.3984375,0.920926749706268,0.497346252202988,39.2,NA,79.4,1.0,ZWE
001,NA,82.0,23887.10546875,32470.447265625,33139.85546875,34465.8125,12745.2197265625,NA,0.573695719242096,0.119370929896832,0.24903929233551,-0.101497948169708,0.0879888534545898,0.0714031830430031,0.63545823097229,0.573272407054901,0.0448403656482697,75.0,5.16992712020874,126.6123552,2.10517907142639,76.0,NA,Interpolated,Regular,Benchmark,Market,0.555796027183533,73.0,77.0,0.265433835162486,0.275234013795853,0.226176887750626,0.322333659147065,0.217475488781929,0.0896527693502251,0.947799205780029,0.490228027105331,0.490379005670547,76.0,12.603988,11130.123046875,13224.4072265625,34432.7734375,15587.8486328125,33891.63671875,77307.0859375,0.883078455924988,0.534761369228363,39.2,NA,79.4,1.0,ZWE
002,NA,80.0,23885.1015625,27298.2109375,26467.71875,26639.4453125,11647.671875,NA,0.757746458053589,0.138860061764717,0.128122419118881,-0.189730435609818,-0.0117795811966062,0.176781013607979,0.506515443325043,0.493570506572723,0.0449134558439255,71.0,5.27431392669678,123.39230579,2.1422061920166,73.0,NA,Interpolated,Regular,Benchmark,Market,0.555796027183533,70.0,78.0,0.282589631902573,0.292188376188278,0.268681257963181,0.344567739156022,0.266949266195297,0.104177412046706,0.721402168273926,0.488045364618301,0.494201213121414,73.0,12.691431,12245.6064453125,13544.9736328125,27435.931640625,14662.0595703125,26104.4140625,80803.359375,0.802180171012878,0.528963625431061,39.1,NA,79.4,1.0,ZWE
003,NA,78.0,20046.1484375,23814.142578125,22538.919921875,22011.7734375,10786.4326171875,NA,0.746095299720764,0.164605900645256,0.171180829405785,-0.129119262099266,-0.104325883090496,0.151563122868538,0.411262512207031,0.42219477891922,0.0441333316266537,68.0,5.73493576049805,103.52133784,2.17988419532776,70.0,NA,Interpolated,Regular,Benchmark,Market,0.555796027183533,68.0,78.0,0.325583900531539,0.326665729284286,0.297504961490631,0.331569274653717,0.304629653692245,0.142366254178739,1.13787877559662,0.53640478849411,0.552940547466278,70.0,12.774162,11232.1611328125,12623.7353515625,23336.74609375,13568.0029296875,21671.7265625,83483.0625,0.696618020534515,0.462633818387985,38.9,NA,79.2,1.0,ZWE
004,NA,76.0,17770.98828125,21965.169921875,20509.02734375,20631.408203125,9880.0771484375,NA,0.690030217170715,0.171325847506523,0.20329113304615,-0.199323162436485,-0.0277403779327869,0.162416368722916,0.378334522247314,0.379878044128418,0.0434168688952923,65.0,6.21021413803101,108.8578958,2.21822500228882,68.0,NA,Interpolated,Regular,Benchmark,Market,0.555796027183533,66.0,79.0,0.36791600295496,0.370599240064621,0.31301286816597,0.381406236658248,0.311156153678894,0.0690162359810611,0.947811841964722,0.535896301269531,0.574794352054596,67.0,12.867828,10781.2119140625,12277.14453125,21205.892578125,13073.783203125,20304.771484375,82708.421875,0.638417840003967,0.427929073572159,38.8,62.2222222222222,79.0,1.0,ZWE
005,NA,80.0,15567.6171875,18628.091796875,17098.3984375,17239.625,9165.05078125,0.286234521669572,0.695518136024475,0.207495540380478,0.177525579929352,-0.238730803132057,0.0195931848138571,0.138598293066025,0.346338540315628,0.346919685602188,0.0422651879489422,68.0,5.8257098197937,94.7600812,2.25724029541016,65.0,NA,Interpolated,Regular,Benchmark,Market,0.555796027183533,67.0,77.0,0.478560872995523,0.42940154671669,0.363948702812195,0.264621137443437,0.36096727848053,0.0310118020314001,0.539126813411713,0.503509700298309,0.583247900009155,69.0,12.984418,9897.064453125,11218.58984375,17323.6328125,12542.587890625,16873.6796875,81176.078125,0.634503543376923,0.405094057321548,38.6,66.6666666666667,78.8,1.0,ZWE
006,NA,84.0,14134.1005859375,16880.767578125,15220.4716796875,13523.64453125,10966.88671875,NA,0.795323669910431,0.249816253781319,0.203101098537445,-0.334499657154083,-0.74019330739975,0.8264519572258,0.245103895664215,0.285695672035217,0.0399208553135395,70.0,6.15368604660034,74.25489059,2.27985548973083,68.0,NA,Interpolated,Regular,Benchmark,Market,0.555796027183533,68.0,78.0,0.586891115953994,0.472003728151321,0.400883108377457,0.106244276703565,0.451182335615158,0.0349028312952624,0.512641251087189,0.569573998451233,0.575070381164551,71.0,13.127942,9629.9521484375,10914.341796875,15476.6630859375,12088.04296875,13271.638671875,79677.3984375,0.594999551773071,0.383467763662338,38.4,61.1111111111111,78.6,1.0,ZWE
007,NA,87.0,15174.1298828125,17524.314453125,16136.248046875,15824.7646484375,13219.08203125,NA,0.79118800163269,0.16769702732563,0.148513063788414,-0.357890099287033,-0.0638924166560173,0.314384400844574,0.263850778341293,0.275692194700241,0.0382729582488537,73.0,6.23928880691528,63.30629908,2.30269718170166,72.0,NA,Interpolated,Regular,Benchmark,Market,0.555796027183533,69.0,78.0,0.472815044690864,0.4028599858284,0.373268932104111,0.0728148215778137,0.380616098642349,0.182212016546604,0.842886209487915,0.607686996459961,0.66498988866806,73.0,13.297798,11792.7939453125,13199.376953125,16388.939453125,11693.091796875,15672.380859375,78661.609375,0.572430431842804,0.461229920387268,38.2,54.4444444444444,78.4,1.0,ZWE
008,NA,91.0,13368.7724609375,15237.7822265625,12037.3095703125,12693.3056640625,16397.8828125,NA,0.848323285579681,0.20489114522934,0.147243738174438,-0.32656529545784,-0.0587971992790699,0.184904336929321,0.191436633467674,0.218358412384987,0.0369423292577267,75.0,6.26482677459717,57.99994883,2.325767993927,75.0,75.0,Interpolated,Regular,Benchmark,Market,0.555796027183533,70.0,76.0,0.609376950958466,0.499243855476379,0.456500679254532,0.0432530312900609,0.432908564805984,0.150764589884528,0.466491609811783,0.68315601348877,0.721710562705994,75.0,13.495462,10747.259765625,11981.0146484375,12086.744140625,11138.662109375,12605.5234375,77488.3125,0.546489953994751,0.419578701257706,38.1,46.6666666666667,78.2,1.0,ZWE
009,NA,90.0,27873.310546875,30646.7109375,20635.09765625,21354.1015625,21759.51171875,NA,1.22446072101593,0.080830030143261,0.129876717925072,-0.257411926984787,-0.3309665620327,0.153211057186127,0.292117267847061,0.407155305147171,0.0370330885052681,73.0,6.28592586517334,76.94191982,2.34906959533691,73.0,73.0,Interpolated,Regular,Benchmark,Market,0.555796027183533,76.0,76.0,0.390487487235533,0.390430957078934,0.395301222801208,0.389574432555311,0.381991237401962,0.444248857227431,1.34984374046326,0.641605973243713,0.693495213985443,69.0,13.720997,25547.43359375,27717.494140625,20834.708984375,17324.38671875,21060.12109375,77153.796875,0.854177355766296,0.975472033023834,37.9,45.5555555555556,78.0,1.0,ZWE
010,NA,99.0,21862.8359375,26023.046875,20537.29296875,21236.767578125,34274.31640625,NA,0.902229368686676,0.127250999212265,0.195896610617638,-0.454496711492538,0.0144622251391411,0.214657470583916,0.234834089875221,0.277433753013611,0.0373084470629692,89.0,6.29843807220459,73.12211924,2.37260484695435,90.0,90.0,Interpolated,Regular,Benchmark,Market,0.555796027183533,90.0,76.0,0.447170414615908,0.44273853302002,0.458782941102982,0.411315905998613,0.443672031164169,0.543099868803665,1.01514494419098,0.606324255466461,0.701796531677246,89.0,13.973897,20977.236328125,25035.107421875,20652.71875,19295.1875,21053.85546875,78953.296875,0.932604074478149,0.863710999488831,37.7,45.5555555555556,77.9,1.0,ZWE
011,NA,98.0,26202.080078125,30250.1953125,20720.435546875,21592.298828125,80397.875,0.249951824858698,1.02363169193268,0.189860239624977,0.187479555606842,-0.625170469284058,0.00438975961878896,0.219809234142303,0.158959701657295,0.213668957352638,0.0370631329715252,93.0,6.51884078979492,96.0883384,2.41582274436951,94.0,94.0,Benchmark,Regular,Benchmark,Market,0.555796027183533,92.0,66.0,0.531028518196619,0.516825795173645,0.528767824172974,0.440251645438799,0.507417023181915,0.606064845238326,0.47033280134201,0.637035012245178,0.739988923072815,93.0,14.255592,26202.080078125,30250.1953125,20720.435546875,21592.298828125,21592.298828125,80397.875,1.0,1.0,37.5,48.8888888888889,77.7,1.0,ZWE
012,NA,98.0,30321.82421875,32171.1796875,23693.30078125,24165.888671875,80778.59375,NA,1.07609331607819,0.178643256425858,0.0765275210142136,-0.47989696264267,-0.0769982039928436,0.225631102919579,0.178738161921501,0.22870098054409,0.0361782684922218,95.0,6.24827098846436,112.21779688,2.45982789993286,97.0,97.0,Extrapolated,Regular,Benchmark,Market,0.555796027183533,97.0,66.0,0.474046639074418,0.471806883811951,0.523046553134918,0.458315170221579,0.512817859649658,1.3631667487074,0.608319640159607,0.634858310222626,0.712035775184631,95.0,14.565482,30338.400390625,30155.763671875,23708.654296875,23873.734375,24360.52734375,80852.8125,1.11847841739655,1.00843584537506,37.3,53.0,77.5,1.0,ZWE
013,NA,95.0,32283.35546875,35336.44140625,26951.515625,28006.837890625,82862.609375,NA,0.990444004535675,0.162251502275467,0.109012141823769,-0.436145424842834,-5.42349744137027e-06,0.17444321513176,0.20311775803566,0.247530087828636,0.0358330048620701,95.0,6.28705596923828,119.73333888,2.50463485717773,95.0,95.0,Extrapolated,Regular,Benchmark,Market,0.555796027183533,93.0,66.0,0.498060611097328,0.493411362171173,0.500535786151886,0.465030701740221,0.481675207614899,0.575869922879628,0.414525777101517,0.630711734294891,0.717883944511414,95.0,14.898092,32289.513671875,34107.375,27011.98828125,24944.15234375,28157.88671875,82129.640625,1.14318382740021,1.11574840545654,37.2,54.4444444444444,77.3,1.0,ZWE
014,NA,99.0,32038.916015625,35454.80859375,28469.74609375,29001.224609375,86134.53125,NA,0.851333975791931,0.253409594297409,0.117784395813942,-0.349806398153305,-0.0200678445398808,0.147346302866936,0.199433520436287,0.234946772456169,0.0356175974011421,91.0,6.4999737739563,114.60850655,2.55025768280029,91.0,91.0,Extrapolated,Regular,Benchmark,Market,0.555796027183533,92.0,75.0,0.528012625833537,0.513489663600922,0.517017900943756,0.464699472821076,0.507542908191681,0.550110168452036,0.386038571596146,0.628868877887726,0.71696263551712,92.0,15.245855,31714.625,33969.08203125,28495.5546875,25729.421875,29149.708984375,83921.765625,1.13294184207916,1.06765782833099,37.0,57.7777777777778,77.1,1.0,ZWE
015,NA,90,NA,NA,NA,NA,NA,NA,NA,NA,NA,NA,NA,NA,NA,NA,NA,87,NA,NA,NA,87,87,NA,NA,NA,NA,NA,86,75,NA,NA,NA,NA,NA,NA,NA,NA,NA,88,NA,NA,NA,NA,NA,NA,NA,NA,NA,36.8,NA,76.9,NA,ZWE
016,NA,NA,NA,NA,NA,NA,NA,NA,NA,NA,NA,NA,NA,NA,NA,NA,NA,NA,NA,NA,NA,NA,NA,NA,NA,NA,NA,NA,NA,NA,NA,NA,NA,NA,NA,NA,NA,NA,NA,NA,NA,NA,NA,NA,NA,NA,NA,NA,NA,NA,NA,NA,NA,ZWE
