Statistic,1950,1951,1952,1953,1954,1955,1956,1957,1958,1959,1960,1961,1962,1963,1964,1965,1966,1966,1967,1967,1968,1968,1969,1969,1970,1970,1971,1971,1972,1972,1973,1973,1974,1974,1975,1975,1976,1976,1977,1977,1978,1978,1979,1979,1980,1980,1981,1981,1982,1982,1983,1983,1984,1984,1985,1985,1986,1986,1987,1987,1988,1988,1989,1989,1990,1990,1991,1991,1992,1992,1993,1993,1994,1994,1995,1995,1996,1996,1997,1997,1998,1998,1999,1999,2000,2000,2001,2001,2002,2002,2003,2003,2004,2004,2005,2005,2006,2006,2007,2007,2008,2008,2009,2009,2010,2010,2011,2011,2012,2012,2013,2013,2014,2014,2015
DTP3,,,,,,,,,,,,,,,,,,,,,,,,,,,,,,,,,,,,,,,,,,,,,1.0,,1.0,,2.0,,3.0,,4.0,,8.0,,14.0,,27.0,,40.0,,60.0,,62.0,,62.0,,53.0,,51.0,,46.0,,48.0,,56.0,,55.0,,46.0,,55.0,,62.0,,66.0,,60.0,,69.0,,74.0,,78.0,,78.0,,84.0,,86.0,,81.0,,90.0,,93.0,,92.0,,93.0,,94.0,,
HepB3,,,,,,,,,,,,,,,,,,,,,,,,,,,,,,,,,,,,,,,,,,,,,,,,,,,,,,,,,,,,,,,,,,,,,,,,,,,,,,,,,,,,,,,,,,,,,,,22.0,,60.0,,78.0,,78.0,,72.0,,75.0,,93.0,,92.0,,93.0,,94.0,,
Hib3,,,,,,,,,,,,,,,,,,,,,,,,,,,,,,,,,,,,,,,,,,,,,,,,,,,,,,,,,,,,,,,,,,,,,,,,,,,,,,,,,,,,,,,,,,,,,,,,,,,,,78.0,,72.0,,75.0,,93.0,,92.0,,93.0,,94.0,,
MCV,,,,,,,,,,,,,,,,,,,,,,,,,,,,,,,,,,,,,,,,,,,,,,,1.0,,1.0,,2.0,,3.0,,6.0,,11.0,,22.0,,44.0,,61.0,,57.0,,57.0,,52.0,,49.0,,48.0,,51.0,,59.0,,58.0,,49.0,,51.0,,58.0,,58.0,,58.0,,65.0,,67.0,,69.0,,73.0,,79.0,,79.0,,82.0,,90.0,,87.0,,85.0,,85.0,,86.0,,
PAB,,,,,,,,,,,,,,,,,,,,,,,,,,,,,,,,,,,,,,,,,,,,,,,1.0,,1.0,,2.0,,3.0,,4.0,,7.0,,14.0,,20.0,,30.0,,72.0,,72.0,,64.0,,62.0,,68.0,,76.0,,64.0,,69.0,,71.0,,76.0,,61.0,,63.0,,62.0,,65.0,,68.0,,68.0,,70.0,,72.0,,70.0,,74.0,,74.0,,74.0,,74.0,,74.0,,74.0,,
expend,,,,,,,,,,,,,,,,,,,,,,,,,,,,,,,,,,,,,,,,,,,,,,,,,,,,,,,,,,,,,,,,,,,,,,,,,,,63.353209400000004,,73.73927468,,72.71561739,,80.62970646,,79.1096056,,75.49916804,,82.17867261,,88.44090525,,100.77592890000001,,114.80367350000002,,124.14251770000001,,161.7096206,,222.623996,,283.0211137,,289.63366560000003,,265.7522284,,262.2025347,,262.37938399999996,,274.90747610000005,,281.6404994,,
sani,,,,,,,,,,,,,,,,,,,,,,,,,,,,,,,,,,,,,,,,,,,,,,,,,,,,,,,,,,,,,,,,,26.8,,27.2,,27.4,,27.4,,27.2,,26.9,,26.6,,26.4,,26.0,,25.7,,25.4,,25.1,,24.8,,24.5,,24.3,,24.0,,23.7,,23.4,,23.1,,22.8,,22.5,,23.5,,23.5,,23.6,,23.6,,
water,,,,,,,,,,,,,,,,,,,,,,,,,,,,,,,,,,,,,,,,,,,,,,,,,,,,,,,,,,,,,,,,,67.4,,67.7,,67.3,,66.9,,66.2,,65.5,,64.8,,64.1,,63.4,,62.7,,62.0,,61.3,,60.6,,59.9,,59.2,,58.5,,57.7,,57.0,,56.3,,55.6,,54.9,,55.4,,55.5,,55.5,,55.5,,
rgdpe,,,,,,,,,,,,,,,,,,,,,,,,,,19321.919921875,,20451.20703125,,18512.662109375,,17234.875,,20371.490234375,,24601.26953125,,29126.287109375,,32951.25390625,,30730.568359375,,27860.51953125,,29000.0625,,31980.779296875,,36455.609375,,33329.25,,33640.6328125,,34353.46875,,37436.09765625,,38455.44921875,,40324.12890625,,39229.39453125,,40930.0859375,,43085.5546875,,42209.1171875,,42345.91015625,,44690.25390625,,44907.8828125,,45783.05859375,,47909.546875,,49255.85546875,,58443.671875,,65181.30859375,,65594.0078125,,67724.4765625,,74514.125,,81155.546875,,93280.828125,,112251.7109375,,119157.0390625,,122525.421875,,136634.03125,,161323.390625,,180282.328125,,160241.484375,,181025.1875,,190194.625,
rgdpo,,,,,,,,,,,,,,,,,,,,,,,,,,20190.859375,,21216.55859375,,19805.017578125,,19315.849609375,,22299.693359375,,25943.08984375,,30746.279296875,,34308.171875,,32958.08984375,,31173.71875,,31959.76953125,,34073.14453125,,37561.07421875,,34736.046875,,35016.16796875,,35030.546875,,37906.63671875,,38881.71484375,,40638.8671875,,39689.578125,,41458.26953125,,44479.6796875,,44007.81640625,,43389.015625,,45670.1171875,,45871.95703125,,47943.28515625,,51154.4296875,,53227.875,,61396.2890625,,66455.984375,,67176.0234375,,70261.265625,,76570.7265625,,83077.9921875,,99065.078125,,118624.7890625,,123931.65625,,128320.109375,,141658.125,,161833.125,,173154.0,,154129.765625,,177487.125,,187533.546875,
pop,,,,,,,,,,,,,,,,,,,,,,,,,,13.879855,,14.302335,,14.741741999999999,,15.201023999999999,,15.683945,,16.19314,,16.728091,,17.287577,,17.872353,,18.48318,,19.119422999999998,,19.785179,,20.47756,,21.180743,,21.873563,,22.542526,,23.178656,,23.790654,,24.404315999999998,,25.055937999999998,,25.770993999999998,,26.560115,,27.413935,,28.313599,,29.230635,,30.144741,,31.05061,,31.956075,,32.869747,,33.805223999999995,,34.772663,,35.772959,,36.803215,,37.865280999999996,,38.960696999999996,,40.089911,,41.254715,,42.453455,,43.678736,,44.920474,,46.17136,,47.198355457935975,,48.21374123969105,,49.23992743377695,,50.3076686234122,
emp,,,,,,,,,,,,,,,,,,,,,,,,,,3.196816921234131,,3.300875186920166,,3.407271146774292,,3.4977078437805176,,3.610396385192871,,3.7261884212493896,,3.8445467948913574,,3.967207431793213,,4.0825018882751465,,4.192286491394043,,4.31107234954834,,4.638664722442627,,4.990394115447998,,5.193746089935303,,5.312780380249023,,5.423855304718018,,5.524781227111816,,5.617227077484131,,5.706725597381592,,5.800465106964111,,5.881905555725098,,5.993327617645264,,6.11776065826416,,6.232733726501465,,6.5530290603637695,,6.846709728240967,,7.122443675994873,,7.3423051834106445,,7.611936569213867,,7.86896276473999,,8.133347511291504,,8.416219711303711,,8.699684143066406,,8.990778923034668,,9.296707153320312,,9.619626998901367,,9.950061798095703,,10.30063533782959,,10.363896369934082,,10.727316856384277,,11.099142074584961,,11.41544246673584,,11.733540534973145,,12.004405975341797,,12.348893165588379,
avh,,,,,,,,,,,,,,,,,,,,,,,,,,,,,,,,,,,,,,,,,,,,,,,,,,,,,,,,,,,,,,,,,,,,,,,,,,,,,,,,,,,,,,,,,,,,,,,,,,,,,,,,,,,,,,,,,,,
hc,,,,,,,,,,,,,,,,,,,,,,,,,,1.0822433233261108,,1.0854264497756958,,1.0886188745498657,,1.0918205976486206,,1.0950318574905396,,1.098252534866333,,1.1042735576629639,,1.1103274822235107,,1.1164146661758423,,1.1225351095199585,,1.128689169883728,,1.1342298984527588,,1.1397978067398071,,1.1453930139541626,,1.1510157585144043,,1.1566660404205322,,1.1695421934127808,,1.1825617551803589,,1.1957261562347412,,1.209037184715271,,1.2224962711334229,,1.2381227016448975,,1.2539488077163696,,1.2699772119522095,,1.286210536956787,,1.3026514053344727,,1.318995475769043,,1.3355448246002197,,1.3523015975952148,,1.369268774986267,,1.3864487409591675,,1.4046998023986816,,1.4231911897659302,,1.4419258832931519,,1.4609073400497437,,1.4801386594772339,,1.4881876707077026,,1.496280550956726,,1.5044174194335938,,1.5125986337661743,,1.5208241939544678,,1.5306719541549683,,1.5405833721160889,,1.5505590438842773,,1.5605992078781128,
ccon,,,,,,,,,,,,,,,,,,,,,,,,,,18862.595703125,,19935.34375,,18259.97265625,,17592.5703125,,21073.341796875,,24405.138671875,,28492.423828125,,32676.86328125,,31666.83203125,,30082.021484375,,31755.857421875,,34363.58203125,,38167.9296875,,34545.328125,,35117.7890625,,34647.31640625,,37283.53125,,38615.9453125,,39801.21875,,39512.65234375,,42115.6015625,,45424.5390625,,45479.86328125,,44053.62890625,,45886.31640625,,46298.125,,47494.546875,,51289.6953125,,51033.1796875,,59312.203125,,62535.2265625,,60968.7421875,,62833.59765625,,64999.25390625,,69080.2578125,,87135.4140625,,108225.5625,,105494.5,,101781.9453125,,118835.0390625,,130105.296875,,143880.125,,139907.375,,144712.484375,,147349.640625,
cda,,,,,,,,,,,,,,,,,,,,,,,,,,19240.404296875,,20258.8671875,,18565.55078125,,18047.8671875,,21692.349609375,,25245.6171875,,29430.68359375,,33453.390625,,32309.33984375,,30685.37890625,,32392.25390625,,35260.140625,,38802.9140625,,35032.22265625,,35307.35546875,,34988.15625,,37824.2109375,,38946.48828125,,40383.8515625,,39809.63671875,,42674.38671875,,46078.375,,46449.91015625,,45021.6328125,,47035.0703125,,47427.1328125,,49982.94140625,,54222.02734375,,57040.28515625,,63212.859375,,66731.578125,,67513.046875,,71690.5859375,,76694.1953125,,82964.484375,,103675.1640625,,124337.75,,123421.8046875,,122347.6953125,,142554.515625,,159656.15625,,176447.28125,,164956.234375,,170334.578125,,172228.3125,
cgdpe,,,,,,,,,,,,,,,,,,,,,,,,,,18825.73828125,,19824.365234375,,17851.64453125,,16455.451171875,,19455.84375,,23466.453125,,27686.4765625,,31462.048828125,,29295.8828125,,26645.51953125,,28002.5078125,,30931.447265625,,35369.92578125,,32434.220703125,,32705.37890625,,33596.59765625,,36652.5078125,,37632.42578125,,39553.64453125,,38686.96875,,41238.4375,,43230.95703125,,42243.47265625,,42299.3125,,44702.8984375,,45238.33203125,,46349.9921875,,48183.984375,,49184.31640625,,58287.6015625,,64775.6015625,,65313.08984375,,67383.4140625,,73976.2109375,,80461.5234375,,93860.6796875,,111965.2890625,,118534.75,,122684.015625,,135979.359375,,160767.40625,,180282.328125,,159956.890625,,180188.359375,,189374.21875,
cgdpo,,,,,,,,,,,,,,,,,,,,,,,,,,19765.103515625,,20655.072265625,,19207.802734375,,18584.84765625,,21363.625,,24767.62109375,,29336.349609375,,32871.796875,,31501.2265625,,29854.736328125,,30693.8984375,,32708.81640625,,36237.5,,33718.77734375,,33980.125,,34257.265625,,37162.50390625,,38114.3203125,,39936.90234375,,39213.8671875,,41813.73828125,,44795.0546875,,44032.0703125,,43344.89453125,,45788.54296875,,46333.78125,,48674.21484375,,51617.51171875,,53493.296875,,61627.96484375,,66340.15625,,66964.4140625,,70354.2265625,,76310.4140625,,82910.609375,,98863.296875,,117832.0234375,,123054.2734375,,126977.953125,,140901.953125,,159898.59375,,173154.0,,151972.609375,,173959.609375,,185208.359375,
ck,,,,,,,,,,,,,,,,,,,,,,,,,,6395.79638671875,,6403.56884765625,,6406.9248046875,,6551.80615234375,,6876.404296875,,7257.83740234375,,7547.8564453125,,7831.96484375,,8068.18701171875,,8254.23828125,,8434.02734375,,8761.3095703125,,8830.3212890625,,8505.7294921875,,8210.0244140625,,8034.47509765625,,8192.416015625,,8142.04833984375,,8270.4208984375,,8136.0859375,,8247.6708984375,,8346.068359375,,8666.3720703125,,9122.478515625,,9767.650390625,,10425.78125,,12070.0546875,,14024.07421875,,18488.05859375,,20967.5625,,23080.0703125,,25906.42578125,,30975.28125,,37743.515625,,46940.59765625,,58840.65625,,77586.734375,,99324.453125,,126788.9921875,,164500.609375,,226555.8125,,348512.34375,,361266.84375,,382326.8125,,406142.03125,
ctfp,,,,,,,,,,,,,,,,,,,,,,,,,,0.8084138631820679,,0.829740047454834,,0.7423286437988281,,0.6915051341056824,,0.7990173697471619,,0.9257136583328247,,1.044914722442627,,1.1270884275436401,,1.0429152250289917,,0.9696700572967529,,0.9885891675949097,,1.0013909339904785,,1.0696226358413696,,0.967967689037323,,0.9386237859725952,,0.9204425811767578,,0.9595678448677063,,0.9492167234420776,,0.9484800100326538,,0.922130286693573,,0.9511684775352478,,0.9915268421173096,,0.9063156843185425,,0.8628519773483276,,0.8556485772132874,,0.8155564069747925,,0.6720499992370605,,0.5901034474372864,,0.6021171808242798,,0.7623170614242554,,0.8154184818267822,,0.7612742781639099,,0.6777968406677246,,0.7044099569320679,,0.7309569716453552,,0.7923650741577148,,0.8711953163146973,,0.8099120259284973,,0.7544586658477783,,0.7485959529876709,,0.7139710783958435,,0.6284940838813782,,0.5296615362167358,,0.5844013690948486,,0.5918043255805969,
cwtfp,,,,,,,,,,,,,,,,,,,,,,,,,,0.7851775884628296,,0.8093781471252441,,0.7118555903434753,,0.6716689467430115,,0.8126384615898132,,0.9533867239952087,,1.0476264953613281,,1.1363931894302368,,1.0593456029891968,,0.9939071536064148,,1.053557276725769,,1.0854805707931519,,1.1434407234191895,,0.9912700057029724,,0.9472460746765137,,0.9090301394462585,,0.9438287019729614,,0.9407091736793518,,0.9386844635009766,,0.9226445555686951,,0.9582867622375488,,1.0156559944152832,,0.9499189257621765,,0.8836048245429993,,0.866195559501648,,0.8246045708656311,,0.6813183426856995,,0.6121799945831299,,0.6303101778030396,,0.7599218487739563,,0.7881523966789246,,0.7349520325660706,,0.6567785739898682,,0.6717659831047058,,0.6898210048675537,,0.7702869176864624,,0.8584404587745667,,0.766470193862915,,0.6907179951667786,,0.7355493307113647,,0.6873059868812561,,0.6144813299179077,,0.5525712966918945,,0.5526968836784363,,0.5303158164024353,
rgdpna,,,,,,,,,,,,,,,,,,,,,,,,,,28706.642578125,,29351.771484375,,27863.345703125,,28039.49609375,,31248.69921875,,36158.953125,,42184.921875,,44810.44921875,,42152.74609375,,40037.26953125,,40647.5625,,43670.75,,44570.82421875,,42338.31640625,,39679.02734375,,41827.17578125,,47775.37109375,,47617.19140625,,51870.06640625,,49032.74609375,,52715.5546875,,56183.109375,,58749.97265625,,59341.12890625,,62899.875,,66672.0390625,,70618.4375,,74896.109375,,81068.7890625,,84502.2109375,,91588.8046875,,101485.1796875,,107563.8515625,,115512.2421875,,121491.53125,,132472.203125,,141134.34375,,149275.453125,,152531.90625,,165622.8125,,176629.59375,,173154.0,,169319.15625,,174906.6875,,180328.796875,
rconna,,,,,,,,,,,,,,,,,,,,,,,,,,26308.654296875,,27749.755859375,,25486.193359375,,24738.3203125,,29446.634765625,,34046.45703125,,39724.01953125,,45109.05078125,,43760.05859375,,41867.6796875,,43956.19140625,,47284.5234375,,52227.60546875,,47311.0703125,,48131.6171875,,47235.87109375,,50842.171875,,52679.59375,,54157.3828125,,52978.3515625,,54402.359375,,59447.59765625,,59802.9296875,,56776.26953125,,60340.46484375,,60469.0234375,,61920.30078125,,67482.9453125,,67648.25,,78783.421875,,83503.3515625,,81514.40625,,84253.8828125,,87197.7421875,,92662.2734375,,114004.9375,,139001.6875,,132967.140625,,123883.8984375,,139865.8125,,145408.59375,,143880.125,,137833.40625,,142682.375,,145482.03125,
rdana,,,,,,,,,,,,,,,,,,,,,,,,,,21244.9140625,,21906.064453125,,20181.57421875,,20928.6796875,,25342.99609375,,30054.4765625,,34864.3671875,,37969.79296875,,35928.69921875,,34330.296875,,36073.28515625,,40858.22265625,,41904.578125,,37317.25390625,,34890.0625,,36407.55078125,,41272.53515625,,39735.6875,,43832.21875,,39821.90625,,44725.51171875,,49330.53125,,53341.25390625,,51041.3984375,,55562.73046875,,55752.69921875,,63807.9375,,70395.3203125,,81174.6640625,,84795.7890625,,89837.0234375,,93294.796875,,100978.3125,,109718.6640625,,119070.7578125,,145683.59375,,165929.28125,,161329.921875,,153823.21875,,170840.75,,179978.53125,,176447.28125,,162957.734375,,168984.953125,,171279.34375,
rkna,,,,,,,,,,,,,,,,,,,,,,,,,,27096.75390625,,26802.7890625,,26511.390625,,26594.431640625,,27027.12890625,,27880.232421875,,28846.81640625,,29331.990234375,,29466.77734375,,29536.357421875,,29715.0703125,,30547.564453125,,30699.294921875,,30569.232421875,,29788.205078125,,29494.384765625,,29773.67578125,,29549.775390625,,30014.1953125,,29766.51171875,,30315.484375,,31083.673828125,,32649.85546875,,34122.87890625,,36109.890625,,38009.09375,,43870.515625,,50605.6015625,,66053.9296875,,74216.203125,,80709.5,,89789.0859375,,106696.5234375,,129153.0078125,,157135.375,,190367.578125,,217258.75,,243323.953125,,269079.65625,,294620.3125,,323920.34375,,348512.34375,,361513.8125,,377259.28125,,392921.09375,
rtfpna,,,,,,,,,,,,,,,,,,,,,,,,,,1.110342264175415,,1.116143822669983,,1.0364131927490234,,1.0203330516815186,,1.1157914400100708,,1.2646785974502563,,1.425703763961792,,1.466977596282959,,1.3392592668533325,,1.242105484008789,,1.2353354692459106,,1.2521800994873047,,1.2112281322479248,,1.1101429462432861,,1.0189751386642456,,1.054627537727356,,1.1849617958068848,,1.1579651832580566,,1.2241559028625488,,1.1300556659698486,,1.1956194639205933,,1.2422000169754028,,1.256291151046753,,1.2174158096313477,,1.2061469554901123,,1.2013835906982422,,1.1857686042785645,,1.179160237312317,,1.1648844480514526,,1.1357307434082031,,1.161555290222168,,1.2118703126907349,,1.1836203336715698,,1.1681610345840454,,1.1107611656188965,,1.0949167013168335,,1.0817530155181885,,1.0692137479782104,,1.0451544523239136,,1.080024003982544,,1.0790151357650757,,1.0,,0.9446947574615479,,0.9409775733947754,,0.9329001307487488,
rwtfpna,,,,,,,,,,,,,,,,,,,,,,,,,,0.8063934445381165,,0.8174623250961304,,0.7366687655448914,,0.7473621964454651,,0.8880278468132019,,1.031551718711853,,1.1563023328781128,,1.2198318243026733,,1.1202058792114258,,1.045175313949585,,1.0758548974990845,,1.149669885635376,,1.117517352104187,,0.9602239727973938,,0.8792691826820374,,0.9008440375328064,,1.004567265510559,,0.9482656717300415,,1.0151516199111938,,0.9006441235542297,,0.995467483997345,,1.070333480834961,,1.1193435192108154,,1.0275980234146118,,1.045566439628601,,0.9858739376068115,,1.0514148473739624,,1.0876142978668213,,1.144635558128357,,1.1184051036834717,,1.118073582649231,,1.0932728052139282,,1.0904148817062378,,1.0888618230819702,,1.068310260772705,,1.181638240814209,,1.2480615377426147,,1.133988380432129,,1.0343302488327026,,1.093256950378418,,1.0789525508880615,,1.0,,0.892232358455658,,0.8921511769294739,,0.869546115398407,
labsh,,,,,,,,,,,,,,,,,,,,,,,,,,0.7421403527259827,,0.7421403527259827,,0.7421403527259827,,0.7421403527259827,,0.7421403527259827,,0.7421403527259827,,0.7421403527259827,,0.7421403527259827,,0.7421403527259827,,0.7421403527259827,,0.7421403527259827,,0.7421403527259827,,0.7421403527259827,,0.7421403527259827,,0.7421403527259827,,0.7421403527259827,,0.7421403527259827,,0.7421403527259827,,0.7421403527259827,,0.7421403527259827,,0.7421403527259827,,0.7421403527259827,,0.7421403527259827,,0.7421403527259827,,0.7421403527259827,,0.7421403527259827,,0.8158121109008789,,0.8655554056167603,,0.7908079624176025,,0.6866120100021362,,0.6368162631988525,,0.6411406993865967,,0.6898218393325806,,0.6598394513130188,,0.619084358215332,,0.6203558444976807,,0.5919227600097656,,0.5919227600097656,,0.5919227600097656,,0.5919227600097656,,0.5919227600097656,,0.5919227600097656,,0.5919227600097656,,0.5919227600097656,,0.5919227600097656,
delta,,,,,,,,,,,,,,,,,,,,,,,,,,0.039576925337314606,,0.03929480165243149,,0.039087969809770584,,0.03916010633111,,0.04086867719888687,,0.04437188431620598,,0.04730888456106186,,0.04775671288371086,,0.04709500074386597,,0.04599132761359215,,0.044716693460941315,,0.04459889233112335,,0.04253204166889191,,0.040751729160547256,,0.03811043128371239,,0.03626127913594246,,0.03537201136350632,,0.03414418548345566,,0.03384048491716385,,0.032440200448036194,,0.03238507732748985,,0.03257649764418602,,0.033225905150175095,,0.033826619386672974,,0.035448960959911346,,0.036556340754032135,,0.043140944093465805,,0.049641113728284836,,0.05367567017674446,,0.0527934730052948,,0.05523333325982094,,0.05797373503446579,,0.06274356693029404,,0.06680894643068314,,0.0677422508597374,,0.06780228763818741,,0.06771664321422577,,0.0684867650270462,,0.06938720494508743,,0.06728003919124603,,0.06814806908369064,,0.06637056916952133,,0.06476335227489471,,0.06249673292040825,,0.06042514368891716,
xr,,,,,,,,,,,,,,,,,,,,,,,,,,0.0003481999989999999,,0.0003481999989999999,,0.0003481999989999999,,0.0003481999989999999,,0.0003481999989999999,,0.0003481999989999999,,0.0003481999989999999,,0.000348206165666667,,0.000377451832333333,,0.000429166665666667,,0.000499999999,,0.000558858332333333,,0.000952299999166667,,0.0012999999999999997,,0.0012999999999999997,,0.00230402499991667,,0.0024999999999999996,,0.002999999999999999,,0.004499999999999999,,0.00720061389396747,,0.013107841972400404,,0.03260932929118059,,0.06296342372828279,,0.1593139166666666,,0.2896089166666666,,0.5808737499999999,,1.2507916666666665,,1.5757424999999998,,2.0080191666666662,,2.52550416666667,,2.571225,,2.58702104166667,,2.63305833333333,,2.60983433333333,,2.57905,,2.43605833333333,,2.17153333333333,,2.0161,,2.0901628287698415,,2.30153333333333,,2.30600092016667,,2.66661962177469,,3.5729583333333306,,4.75676054708821,,5.73686666666667,
pl_con,,,,,,,,,,,,,,,,,,,,,,,,,,0.0600314624607563,,0.06157412752509117,,0.08031207323074341,,0.11131680756807327,,0.11214083433151245,,0.11667712777853012,,0.1287422627210617,,0.13456755876541138,,0.14578266441822052,,0.17280691862106323,,0.18558642268180847,,0.20855097472667694,,0.14275844395160675,,0.15071991086006165,,0.19958356022834778,,0.17504985630512238,,0.2141207605600357,,0.2692496180534363,,0.264076828956604,,0.2609432339668274,,0.2621990144252777,,0.21830038726329803,,0.2350795418024063,,0.2519783675670624,,0.22746612131595612,,0.2517227828502655,,0.16648781299591064,,0.18951702117919922,,0.19212621450424194,,0.16636770963668823,,0.191499263048172,,0.2234272062778473,,0.24408365786075592,,0.2823752760887146,,0.32436603307724,,0.3461815416812897,,0.3569021224975586,,0.45862409472465515,,0.49555742740631104,,0.4297637641429901,,0.4157422184944153,,0.47648972272872925,,0.47356823086738586,,0.5149590969085693,,0.5646589398384094,
pl_da,,,,,,,,,,,,,,,,,,,,,,,,,,0.06553226709365845,,0.06753072142601013,,0.09293924272060394,,0.12971265614032745,,0.133656308054924,,0.1381603628396988,,0.14603526890277863,,0.15100154280662537,,0.17448295652866364,,0.21191176772117615,,0.2273184210062027,,0.24805687367916107,,0.16419199109077454,,0.16138678789138794,,0.2159184217453003,,0.19715607166290283,,0.24495553970336914,,0.3088710308074951,,0.2918139100074768,,0.29299768805503845,,0.30644866824150085,,0.2620309591293335,,0.2868020534515381,,0.29619041085243225,,0.26585087180137634,,0.28398898243904114,,0.18073797225952148,,0.21254202723503113,,0.2221064418554306,,0.18381647765636444,,0.2021145224571228,,0.240631103515625,,0.2691630721092224,,0.2886778712272644,,0.3311645984649658,,0.3748391270637512,,0.4042661488056183,,0.501461386680603,,0.5213591456413269,,0.44537943601608276,,0.43332505226135254,,0.4688580334186554,,0.49074968695640564,,0.5164996981620789,,0.5584620833396912,
pl_gdpo,,,,,,,,,,,,,,,,,,,,,,,,,,0.062417756766080856,,0.06481476873159409,,0.08637730777263641,,0.11485056579113007,,0.12172074615955353,,0.13090209662914276,,0.13782228529453278,,0.14452563226222992,,0.16226772964000702,,0.189132422208786,,0.2073860466480255,,0.23457768559455872,,0.16026100516319275,,0.1552385687828064,,0.20781835913658142,,0.1933538317680359,,0.24159392714500427,,0.3049658238887787,,0.28901347517967224,,0.2890608012676239,,0.3022323548793793,,0.2528817057609558,,0.2751520574092865,,0.2890455722808838,,0.25954753160476685,,0.2772747278213501,,0.17210763692855835,,0.19840402901172638,,0.2042153775691986,,0.17385326325893402,,0.19734789431095123,,0.23469722270965576,,0.2577972412109375,,0.2798477113246918,,0.3213823735713959,,0.3558717668056488,,0.38413816690444946,,0.4830438196659088,,0.5037286281585693,,0.4298195242881775,,0.43567952513694763,,0.48815974593162537,,0.5165324807167053,,0.5349932909011841,,0.5710234642028809,
i_cig,,,,,,,,,,,,,,,,,,,,,,,,,,Extrapolated,,Extrapolated,,Extrapolated,,Extrapolated,,Extrapolated,,Extrapolated,,Extrapolated,,Extrapolated,,Extrapolated,,Extrapolated,,Extrapolated,,Extrapolated,,Extrapolated,,Extrapolated,,Extrapolated,,Extrapolated,,Extrapolated,,Extrapolated,,Extrapolated,,Extrapolated,,Extrapolated,,Extrapolated,,Extrapolated,,Extrapolated,,Extrapolated,,Extrapolated,,Extrapolated,,Extrapolated,,Extrapolated,,Extrapolated,,Extrapolated,,Extrapolated,,Extrapolated,,Extrapolated,,Extrapolated,,Benchmark,,Interpolated,,Interpolated,,Interpolated,,Interpolated,,Interpolated,,Benchmark,,Extrapolated,,Extrapolated,,Extrapolated,
i_xm,,,,,,,,,,,,,,,,,,,,,,,,,,Extrapolated,,Extrapolated,,Extrapolated,,Extrapolated,,Extrapolated,,Extrapolated,,Extrapolated,,Extrapolated,,Extrapolated,,Extrapolated,,Extrapolated,,Extrapolated,,Extrapolated,,Extrapolated,,Benchmark,,Benchmark,,Benchmark,,Benchmark,,Benchmark,,Benchmark,,Benchmark,,Benchmark,,Benchmark,,Benchmark,,Benchmark,,Benchmark,,Benchmark,,Benchmark,,Benchmark,,Benchmark,,Benchmark,,Benchmark,,Benchmark,,Benchmark,,Benchmark,,Benchmark,,Benchmark,,Benchmark,,Benchmark,,Benchmark,,Benchmark,,Benchmark,,Benchmark,,Benchmark,,Benchmark,
i_xr,,,,,,,,,,,,,,,,,,,,,,,,,,Market,,Market,,Market,,Market,,Market,,Market,,Market,,Market,,Market,,Market,,Market,,Market,,Market,,Market,,Market,,Market,,Market,,Market,,Market,,Estimated,,Estimated,,Estimated,,Estimated,,Market,,Market,,Market,,Market,,Market,,Market,,Market,,Market,,Market,,Market,,Market,,Market,,Market,,Market,,Market,,Market,,Market,,Market,,Market,,Market,,Market,,Market,
i_outlier,,,,,,,,,,,,,,,,,,,,,,,,,,Regular,,Regular,,Regular,,Regular,,Regular,,Regular,,Regular,,Regular,,Regular,,Regular,,Regular,,Regular,,Regular,,Regular,,Regular,,Regular,,Regular,,Regular,,Regular,,Regular,,Regular,,Regular,,Regular,,Regular,,Regular,,Regular,,Regular,,Regular,,Regular,,Regular,,Regular,,Regular,,Regular,,Regular,,Regular,,Regular,,Regular,,Regular,,Regular,,Regular,,Regular,,Regular,,Regular,,Regular,,Regular,
cor_exp,,,,,,,,,,,,,,,,,,,,,,,,,,,,,,,,,,,,,,,,,,,,,,,,,,,,,,,,,,,,,,,,,,,,,,,,,,,,,,,,,,,,,,,,,,,,,,,,0.34920893719712365,,,,,,,,,,,,0.45031959444073705,,,,,,,
statcap,,,,,,,,,,,,,,,,,,,,,,,,,,,,,,,,,,,,,,,,,,,,,,,,,,,,,,,,,,,,,,,,,,,,,,,,,,,,,,,,,,,,32.22222222222222,,,,,,,,,,35.55555555555555,,31.11111111111111,,33.333333333333336,,35.55555555555556,,34.44444444444444,,41.11111111111111,,45.0,,46.11111111111111,,44.0,,40.0,,43.3333333333333,
csh_c,,,,,,,,,,,,,,,,,,,,,,,,,,0.8035281896591187,,0.8286371231079102,,0.819723904132843,,0.8230715394020081,,0.8803064227104187,,0.8861497044563293,,0.8820491433143616,,0.9131621718406677,,0.9243018627166748,,0.9114131927490234,,0.9272743463516235,,0.9602757692337036,,0.9725261330604553,,0.9249613881111145,,0.9375312328338623,,0.9211360812187195,,0.9272370934486389,,0.9333281517028809,,0.9149964451789856,,0.8936595916748047,,0.8659576773643494,,0.9009149074554443,,0.9228475689888,,0.8706309795379639,,0.8928899765014648,,0.894085705280304,,0.8889914751052856,,0.9227713942527771,,0.8962364196777344,,0.9193056225776672,,0.8947285413742065,,0.8458970785140991,,0.8291215300559998,,0.7814202904701233,,0.7643840312957764,,0.8302630186080933,,0.8659576177597046,,0.7960782647132874,,0.7290990948677063,,0.7700889110565186,,0.7187721729278564,,0.6527481079101562,,0.6994724869728088,,0.6337783336639404,,0.6108821034431458,
csh_i,,,,,,,,,,,,,,,,,,,,,,,,,,0.019114917144179344,,0.01566316746175289,,0.015909040346741676,,0.02449829690158367,,0.028974808752536774,,0.033934544771909714,,0.03198285400867462,,0.02362285740673542,,0.020396269857883453,,0.020209763199090958,,0.020733628422021866,,0.027410326525568962,,0.01752285286784172,,0.014439918100833893,,0.005578800104558468,,0.009949368424713612,,0.014549022540450096,,0.008672376163303852,,0.014588877558708191,,0.007573472801595926,,0.013363649137318134,,0.014596127904951572,,0.02203047089278698,,0.022332582622766495,,0.025088220834732056,,0.024366820231080055,,0.05112342908978462,,0.056808847934007645,,0.1122964397072792,,0.06329359859228134,,0.06325503438711166,,0.09772805869579315,,0.12589134275913239,,0.15325483679771423,,0.16746023297309875,,0.16729918122291565,,0.1367385983467102,,0.14568617939949036,,0.16196313500404358,,0.168340265750885,,0.18481004238128662,,0.1880820393562317,,0.16482482850551605,,0.14728762209415436,,0.13432806730270386,
csh_g,,,,,,,,,,,,,,,,,,,,,,,,,,0.150810107588768,,0.13651780784130096,,0.13092999160289764,,0.12353669852018356,,0.10610581934452057,,0.09921496361494064,,0.08918359130620956,,0.08090769499540329,,0.08095522969961166,,0.09619985520839691,,0.1073240339756012,,0.09031500667333603,,0.08074548840522766,,0.09955161809921265,,0.09594898670911789,,0.09024980664253235,,0.07601963728666306,,0.07983293384313583,,0.08160609751939774,,0.11395975947380066,,0.1412615180015564,,0.11313766241073608,,0.11003284901380539,,0.14572007954120636,,0.10924533754587173,,0.10514478385448456,,0.08677256107330322,,0.07087771594524384,,0.05777433514595032,,0.04311789944767952,,0.04791657254099846,,0.06456770747900009,,0.06398185342550278,,0.07035405188798904,,0.06880558282136917,,0.05110974237322807,,0.05251561477780342,,0.061222322285175323,,0.07247267663478851,,0.07329925149679184,,0.0949016660451889,,0.17818918824195862,,0.221136674284935,,0.19809570908546448,,0.18470637500286102,
csh_x,,,,,,,,,,,,,,,,,,,,,,,,,,0.10785142332315445,,0.08871874213218689,,0.09650661051273346,,0.09959869086742401,,0.0813312828540802,,0.08024902641773224,,0.07520803064107895,,0.058150243014097214,,0.049204736948013306,,0.06459946930408478,,0.07558701932430267,,0.057951007038354874,,0.055786505341529846,,0.051825907081365585,,0.03334753215312958,,0.022799834609031677,,0.02556592784821987,,0.028127873316407204,,0.023426922038197517,,0.0129888029769063,,0.016309477388858795,,0.017909346148371696,,0.025758596137166023,,0.02489795908331871,,0.02235625497996807,,0.023906704038381577,,0.01633317582309246,,0.01793057657778263,,0.017773790284991264,,0.02954280562698841,,0.0662737712264061,,0.062070492655038834,,0.07715234160423279,,0.0786493793129921,,0.10090108960866928,,0.10648959875106812,,0.1024697795510292,,0.14672833681106567,,0.17362909018993378,,0.10857441276311874,,0.10894052684307098,,0.5256216526031494,,0.24460555613040924,,0.39206188917160034,,0.40823259949684143,
csh_m,,,,,,,,,,,,,,,,,,,,,,,,,,-0.08130472153425217,,-0.06953683495521545,,-0.06306952238082886,,-0.07070659846067429,,-0.09671724587678909,,-0.10778623074293137,,-0.0932818353176117,,-0.08286663144826889,,-0.07884015887975693,,-0.09948667883872986,,-0.13766947388648987,,-0.14250905811786652,,-0.13337117433547974,,-0.09077868610620499,,-0.07240661978721619,,-0.044135093688964844,,-0.04337169975042343,,-0.049961309880018234,,-0.034618377685546875,,-0.028181644156575203,,-0.0368923582136631,,-0.046558819711208344,,-0.08066946268081665,,-0.06358163803815842,,-0.0497002899646759,,-0.04745553061366081,,-0.04322061687707901,,-0.06838852912187576,,-0.08408099412918091,,-0.055259883403778076,,-0.07217393070459366,,-0.07026338577270508,,-0.09614705294370651,,-0.08367863297462463,,-0.10155098885297775,,-0.15515568852424622,,-0.1576816290616989,,-0.1497151106595993,,-0.13716399669647217,,-0.12030290812253952,,-0.10742436349391937,,-0.15520799160003662,,-0.12984035909175873,,-0.15121737122535706,,-0.1394558548927307,
csh_r,,,,,,,,,,,,,,,,,,,,,,,,,,-1.8430322554532344e-16,,0.0,,2.7408977674546334e-16,,1.345485657111567e-06,,-1.1044135135307442e-06,,0.008238027803599834,,0.014858188107609749,,0.007023668382316828,,0.003982077352702618,,0.007064365316182375,,0.006750466767698526,,0.00655692582949996,,0.006790234241634607,,-1.4695528705033212e-07,,1.2879270958877605e-16,,0.0,,4.455218416410389e-08,,2.8677375141228367e-08,,1.5759328563330036e-16,,1.2251847536504101e-08,,-1.4393625578736405e-16,,7.309277521017066e-07,,-1.5013719870575557e-16,,-5.010051262743787e-10,,0.0001204884028993547,,-4.8467736633028835e-05,,1.0307175557500159e-08,,-1.481034139771964e-08,,-2.3842183338729228e-08,,-3.4073924126687416e-08,,-1.4556166050283537e-08,,3.074383414514159e-09,,0.0,,-1.7035488253998066e-16,,-1.3652997175013986e-16,,-5.833829163748305e-06,,-1.6074570403496445e-16,,0.0,,1.1375361314049635e-16,,2.402796625624199e-16,,0.0,,-0.38943299651145935,,-0.20019914209842682,,-0.22000615298748016,,-0.19869332015514374,
pl_c,,,,,,,,,,,,,,,,,,,,,,,,,,0.056674179784826764,,0.057854187715941766,,0.07612666057804181,,0.1083717329798307,,0.10738762672473565,,0.11159869560110743,,0.1235382601206291,,0.1274640427582786,,0.13628109778413994,,0.16451975027901627,,0.18115025906079826,,0.204001866915622,,0.13881928975283134,,0.15074315565624338,,0.1995589856448016,,0.17797191551401426,,0.2141225576790461,,0.26953868393908137,,0.2659713311608363,,0.27578584415648405,,0.27466671804116566,,0.2253083440276733,,0.2464313328808399,,0.27808665698372703,,0.24124187083719315,,0.2642863307324245,,0.1685020055596623,,0.19191473348176538,,0.19369529116221856,,0.1662871333983721,,0.18966515092415978,,0.22263583677442653,,0.24393642759164247,,0.2829145379624874,,0.3184644681785955,,0.3398091085228893,,0.33547340700398876,,0.4452299608860571,,0.49036709432598324,,0.4235863382560289,,0.4253530391812945,,0.521156736298417,,0.5477438901613378,,0.5812434870685246,,0.6474548119930237,
pl_i,,,,,,,,,,,,,,,,,,,,,,,,,,0.3401674455549603,,0.4345722298454198,,0.8474827992312252,,0.8405238772369914,,0.8661248331636321,,0.7619737602727965,,0.6711770157306607,,0.8425574270046179,,1.5890150429133543,,2.1615906959554376,,2.309725768301319,,1.7622504534773775,,1.4525290471929484,,0.9182019932397721,,3.2419731013111424,,2.444325660448669,,2.371229679904004,,4.937690578349887,,2.1866032774600037,,4.5577104559264905,,3.6415509217798077,,3.300172759154941,,2.711768948238645,,2.308270345121882,,1.7991090334740634,,1.6071551485672029,,0.4527227959363883,,0.6152745000035947,,0.4768025937690225,,0.4491374563578053,,0.36030626895061924,,0.4009080319359041,,0.4470823947365638,,0.32370711892883713,,0.3649905112060776,,0.5258142743483356,,0.7224103719629406,,0.7535405787848557,,0.649054466770926,,0.5236141309763662,,0.5107380794426184,,0.43514159403250635,,0.5867146084000243,,0.5252007952528908,,0.5217595397743593,
pl_g,,,,,,,,,,,,,,,,,,,,,,,,,,0.0779193328755169,,0.08415345290620507,,0.10651603719388686,,0.1309385430460636,,0.15157579332929044,,0.1620357495967423,,0.18021127162225972,,0.2147410973434395,,0.25426630015994667,,0.251320844914207,,0.2239146347729092,,0.2569195180959021,,0.1902030086067944,,0.15050392976015153,,0.19982370439771835,,0.14522584086426346,,0.21409884948313812,,0.2658703062692956,,0.24283484334023744,,0.14454909949640513,,0.18576973148750103,,0.16249604297891385,,0.1398718672968329,,0.09598972374607215,,0.11487338270410903,,0.14489031804770028,,0.1458523099421291,,0.1583008206149559,,0.16778546671555966,,0.1680855547643704,,0.22574684396454775,,0.23379486313245193,,0.2459916112467134,,0.27638568245416106,,0.38992840097819786,,0.4496996548176024,,0.7102514518772012,,0.6327891917880605,,0.547773809172748,,0.49466448430223925,,0.3429511292325057,,0.3128641876514713,,0.23894486614447233,,0.30289187251426447,,0.29082695291614175,
pl_x,,,,,,,,,,,,,,,,,,,,,,,,,,0.0886540412902832,,0.10895919054746628,,0.12233145534992218,,0.13752245903015137,,0.16909685730934143,,0.17010453343391418,,0.15730944275856018,,0.19242270290851593,,0.29480358958244324,,0.2891550660133362,,0.2639465928077698,,0.43941357731819153,,0.3364236652851105,,0.2533518075942993,,0.38005921244621277,,0.3986576199531555,,0.44556859135627747,,0.4908299148082733,,0.5173934698104858,,0.5296778082847595,,0.5543054938316345,,0.5994410514831543,,0.5002826452255249,,0.5396009683609009,,0.5445554852485657,,0.5763686299324036,,0.5806567668914795,,0.5575477480888367,,0.5392542481422424,,0.43994617462158203,,0.43369030952453613,,0.4107757806777954,,0.3757278323173523,,0.4279464781284332,,0.45740967988967896,,0.4690054655075073,,0.48507270216941833,,0.5127440094947815,,0.5512157678604126,,0.543018639087677,,0.6851487159729004,,0.5872406363487244,,0.7088490724563599,,0.6390578150749207,,0.6412426233291626,
pl_m,,,,,,,,,,,,,,,,,,,,,,,,,,0.13451020419597626,,0.159445121884346,,0.2419569343328476,,0.35090726613998413,,0.28686589002609253,,0.22872814536094666,,0.24186187982559204,,0.257667601108551,,0.4038957953453064,,0.4894191026687622,,0.39123600721359253,,0.4198364019393921,,0.26550689339637756,,0.28161752223968506,,0.40338388085365295,,0.3874005377292633,,0.4407169222831726,,0.48947715759277344,,0.525361955165863,,0.5417786836624146,,0.530308723449707,,0.5883289575576782,,0.49938511848449707,,0.5038800835609436,,0.518029510974884,,0.5727729797363281,,0.5315495729446411,,0.5097286701202393,,0.5019317269325256,,0.5010451674461365,,0.48080286383628845,,0.4753885865211487,,0.47288796305656433,,0.5251007080078125,,0.5529299378395081,,0.5617173314094543,,0.5844280123710632,,0.6355366706848145,,0.6876890063285828,,0.6628389954566956,,0.6667855381965637,,0.696977972984314,,0.6632986068725586,,0.6850517988204956,,0.6928159594535828,
pl_k,,,,,,,,,,,,,,,,,,,,,,,,,,0.5015172958374023,,0.6746792793273926,,0.9939292669296265,,0.9968183040618896,,1.1938506364822388,,1.0290873050689697,,0.8562836647033691,,1.0408633947372437,,1.890587568283081,,2.731538772583008,,2.8155887126922607,,2.2359583377838135,,2.2498743534088135,,1.3673917055130005,,4.798385143280029,,3.6364684104919434,,3.457237482070923,,7.149767875671387,,3.139679193496704,,6.452187538146973,,4.941101551055908,,2.984009027481079,,2.6925930976867676,,2.0338995456695557,,1.491550326347351,,0.8174576163291931,,0.35837453603744507,,0.5378347635269165,,0.48742610216140747,,0.467465877532959,,0.4279012680053711,,0.4728125035762787,,0.5487262010574341,,0.334496408700943,,0.3987477421760559,,0.5363682508468628,,0.637822151184082,,0.6826580762863159,,0.5794194936752319,,0.4471234083175659,,0.40102407336235046,,0.3075748383998871,,0.4135824739933014,,0.34380432963371277,,0.3243897557258606,
